timestamp_seconds,frame_number,track_id,vehicle_type,center_x,center_y,bbox_width,bbox_height
0.167,5,1,bus,686.5,788.0,67,216
0.167,5,2,bus,206.0,844.0,160,174
0.167,5,3,car,516.0,878.0,86,95
0.167,5,4,bus,152.5,1278.0,189,266
0.167,5,5,car,257.0,944.0,96,114
0.167,5,6,bus,40.0,1146.0,80,258
0.167,5,7,car,300.0,1205.0,142,227
0.167,5,8,car,429.5,1210.0,123,210
0.167,5,9,car,491.0,773.0,48,58
0.167,5,10,car,431.5,975.0,91,131
0.167,5,11,car,555.0,1053.0,124,159
0.167,5,12,car,326.0,828.0,64,71
0.167,5,13,car,412.0,859.0,70,91
0.167,5,14,car,153.0,1278.0,190,263
0.167,5,15,car,344.5,935.0,33,48
0.167,5,16,truck,129.5,977.0,117,136
0.333,10,1,bus,686.0,789.0,68,218
0.333,10,2,bus,205.0,844.0,160,174
0.333,10,3,car,515.5,879.0,85,95
0.333,10,4,bus,152.0,1278.0,190,266
0.333,10,5,car,256.5,945.0,97,114
0.333,10,6,bus,39.5,1145.0,79,256
0.333,10,7,car,299.0,1207.0,142,228
0.333,10,8,car,429.0,1211.0,124,211
0.333,10,9,car,489.5,774.0,47,57
0.333,10,10,car,431.5,975.0,91,129
0.333,10,11,car,554.5,1054.0,125,160
0.333,10,12,car,326.0,828.0,62,70
0.333,10,13,car,412.0,858.0,68,89
0.333,10,14,car,152.5,1277.0,189,262
0.333,10,15,car,344.0,937.0,32,46
0.333,10,16,truck,128.5,976.0,117,135
0.5,15,1,bus,686.0,791.0,68,220
0.5,15,2,bus,204.5,844.0,159,173
0.5,15,3,car,515.5,879.0,85,95
0.5,15,4,bus,151.5,1278.0,189,265
0.5,15,5,car,256.0,946.0,96,114
0.5,15,6,bus,39.0,1143.0,78,253
0.5,15,7,car,298.0,1208.0,142,228
0.5,15,8,car,428.0,1212.0,124,212
0.5,15,9,car,489.5,776.0,47,57
0.5,15,10,car,431.0,975.0,90,129
0.5,15,11,car,554.5,1053.0,125,159
0.5,15,12,car,325.0,829.0,62,69
0.5,15,13,car,411.5,858.0,67,88
0.5,15,14,car,151.5,1277.0,189,261
0.5,15,15,car,343.0,938.0,32,47
0.5,15,16,truck,128.0,976.0,116,135
0.5,15,17,bus,686.5,789.0,67,115
0.667,20,1,bus,686.0,793.0,68,222
0.667,20,2,bus,205.0,845.0,160,175
0.667,20,3,car,516.0,880.0,84,95
0.667,20,4,bus,152.5,1278.0,189,265
0.667,20,5,car,256.0,947.0,96,114
0.667,20,6,bus,39.0,1143.0,78,252
0.667,20,7,car,298.0,1208.0,142,227
0.667,20,8,car,428.0,1213.0,124,211
0.667,20,9,car,490.0,777.0,48,58
0.667,20,10,car,431.5,977.0,91,131
0.667,20,11,car,554.5,1055.0,125,159
0.667,20,12,car,325.0,830.0,62,70
0.667,20,13,car,411.0,857.0,66,86
0.667,20,14,car,152.5,1277.0,189,261
0.667,20,15,car,343.5,939.0,31,45
0.667,20,16,truck,127.5,977.0,117,135
0.667,20,17,bus,686.5,790.0,67,116
0.833,25,1,bus,685.5,794.0,69,225
0.833,25,2,bus,205.0,845.0,160,175
0.833,25,3,car,516.5,880.0,85,94
0.833,25,4,bus,152.5,1278.0,189,265
0.833,25,5,car,255.5,947.0,95,113
0.833,25,6,bus,39.0,1144.0,78,253
0.833,25,7,car,297.5,1210.0,143,229
0.833,25,8,car,428.0,1214.0,124,212
0.833,25,9,car,490.0,778.0,48,58
0.833,25,10,car,431.5,978.0,91,131
0.833,25,11,car,554.5,1055.0,125,159
0.833,25,12,car,325.0,831.0,62,70
0.833,25,13,car,411.5,856.0,65,84
0.833,25,14,car,152.5,1278.0,189,262
0.833,25,15,car,343.5,940.0,31,46
0.833,25,16,truck,127.0,979.0,118,137
0.833,25,17,bus,686.5,791.0,67,116
0.833,25,23,car,400.5,771.0,49,53
1.0,30,1,bus,685.5,794.0,69,226
1.0,30,2,bus,204.5,846.0,161,176
1.0,30,3,car,516.0,881.0,84,93
1.0,30,4,bus,152.5,1278.0,189,264
1.0,30,5,car,255.5,947.0,95,113
1.0,30,6,bus,39.0,1145.0,78,253
1.0,30,7,car,297.5,1211.0,143,229
1.0,30,8,car,428.0,1215.0,124,212
1.0,30,9,car,490.5,779.0,49,59
1.0,30,10,car,431.5,978.0,91,131
1.0,30,11,car,554.0,1055.0,124,158
1.0,30,12,car,325.5,831.0,63,69
1.0,30,13,car,411.5,856.0,65,83
1.0,30,14,car,152.5,1278.0,189,262
1.0,30,15,car,343.5,940.0,33,46
1.0,30,16,truck,127.5,978.0,117,136
1.0,30,17,bus,686.5,791.0,67,116
1.0,30,23,car,400.5,771.0,49,53
1.167,35,1,bus,685.5,794.0,69,227
1.167,35,2,bus,204.5,846.0,161,175
1.167,35,3,car,516.0,881.0,84,93
1.167,35,4,bus,153.0,1278.0,188,263
1.167,35,5,car,255.5,948.0,95,113
1.167,35,6,bus,39.0,1146.0,78,254
1.167,35,7,car,297.5,1212.0,143,230
1.167,35,8,car,428.0,1217.0,124,213
1.167,35,9,car,490.0,779.0,48,58
1.167,35,10,car,431.5,979.0,91,131
1.167,35,11,car,554.5,1055.0,125,158
1.167,35,12,car,325.5,833.0,65,71
1.167,35,13,car,411.0,857.0,66,84
1.167,35,14,car,153.0,1277.0,188,259
1.167,35,15,car,343.5,941.0,33,47
1.167,35,16,car,127.0,978.0,116,136
1.167,35,17,bus,686.5,791.0,67,115
1.167,35,23,car,400.5,772.0,49,53
1.333,40,1,bus,685.5,795.0,69,230
1.333,40,2,bus,204.0,847.0,162,176
1.333,40,3,car,516.0,881.0,82,92
1.333,40,4,bus,152.5,1277.0,187,261
1.333,40,5,car,255.5,949.0,95,112
1.333,40,6,bus,39.0,1146.0,78,254
1.333,40,7,car,297.5,1213.0,143,230
1.333,40,8,car,428.0,1218.0,124,212
1.333,40,9,car,490.0,780.0,48,57
1.333,40,10,car,432.0,981.0,92,133
1.333,40,11,car,554.5,1056.0,125,159
1.333,40,12,car,325.0,835.0,66,73
1.333,40,13,car,411.0,860.0,68,86
1.333,40,14,car,153.0,1276.0,186,257
1.333,40,15,car,343.0,942.0,34,47
1.333,40,16,truck,127.0,978.0,116,134
1.333,40,17,bus,686.5,793.0,67,117
1.333,40,23,car,400.5,772.0,47,52
1.5,45,1,bus,685.5,797.0,69,229
1.5,45,2,bus,204.0,848.0,162,178
1.5,45,3,car,515.0,882.0,82,91
1.5,45,4,bus,153.0,1275.0,184,257
1.5,45,5,car,255.0,950.0,96,112
1.5,45,6,bus,39.0,1147.0,78,253
1.5,45,7,car,296.5,1214.0,143,229
1.5,45,8,car,428.5,1218.0,123,211
1.5,45,9,car,489.0,782.0,48,58
1.5,45,10,car,431.0,982.0,92,133
1.5,45,11,car,554.0,1058.0,126,160
1.5,45,12,car,324.5,836.0,65,72
1.5,45,13,car,411.5,863.0,69,88
1.5,45,14,car,152.5,1274.0,185,254
1.5,45,15,car,342.5,943.0,35,49
1.5,45,16,truck,126.5,978.0,115,133
1.5,45,17,bus,686.0,796.0,68,119
1.5,45,23,car,400.5,773.0,49,53
1.667,50,1,bus,685.5,800.0,69,228
1.667,50,2,bus,203.5,849.0,163,178
1.667,50,3,car,515.0,883.0,82,91
1.667,50,4,bus,153.0,1276.0,184,258
1.667,50,5,car,255.0,952.0,96,114
1.667,50,6,bus,38.5,1148.0,77,253
1.667,50,7,car,296.0,1215.0,142,229
1.667,50,8,car,428.0,1218.0,122,210
1.667,50,9,car,488.5,782.0,51,61
1.667,50,10,car,431.0,983.0,92,133
1.667,50,11,car,553.5,1061.0,125,161
1.667,50,12,car,323.5,838.0,65,72
1.667,50,13,car,411.0,862.0,68,86
1.667,50,14,car,152.5,1274.0,185,255
1.667,50,15,car,342.5,945.0,39,57
1.667,50,16,bus,126.5,980.0,115,133
1.667,50,17,bus,685.5,799.0,69,124
1.667,50,23,car,400.0,773.0,50,54
1.833,55,1,bus,685.5,801.0,69,229
1.833,55,2,bus,204.0,850.0,164,179
1.833,55,3,car,514.0,883.0,82,90
1.833,55,4,bus,153.0,1276.0,184,257
1.833,55,5,car,254.5,953.0,97,114
1.833,55,6,bus,38.5,1148.0,77,252
1.833,55,7,car,296.0,1216.0,142,229
1.833,55,8,car,428.0,1218.0,122,209
1.833,55,9,car,488.5,783.0,51,61
1.833,55,10,car,431.0,984.0,92,133
1.833,55,11,car,553.5,1062.0,125,161
1.833,55,12,car,323.0,838.0,64,72
1.833,55,13,car,411.0,862.0,68,86
1.833,55,14,car,153.0,1275.0,184,254
1.833,55,16,car,126.0,981.0,116,134
1.833,55,17,bus,685.0,801.0,70,127
1.833,55,23,car,400.0,774.0,50,54
2.0,60,1,bus,685.5,801.0,69,229
2.0,60,2,bus,204.5,850.0,163,178
2.0,60,3,car,514.5,885.0,83,92
2.0,60,4,bus,154.0,1277.0,184,258
2.0,60,5,car,254.5,954.0,97,115
2.0,60,6,bus,38.5,1148.0,77,252
2.0,60,7,car,296.0,1217.0,142,229
2.0,60,8,car,428.0,1220.0,122,210
2.0,60,9,car,488.5,783.0,49,60
2.0,60,10,car,431.0,984.0,92,132
2.0,60,11,car,553.5,1061.0,125,160
2.0,60,12,car,322.5,839.0,63,71
2.0,60,13,car,410.5,863.0,69,87
2.0,60,14,car,154.0,1275.0,184,254
2.0,60,16,bus,126.0,981.0,116,133
2.0,60,17,bus,686.0,801.0,68,122
2.0,60,23,car,400.0,775.0,50,55
2.0,60,15,car,342.5,946.0,39,58
2.167,65,1,bus,685.5,801.0,69,228
2.167,65,2,bus,205.0,851.0,164,179
2.167,65,3,car,514.5,885.0,83,92
2.167,65,4,bus,154.0,1277.0,184,257
2.167,65,5,car,255.0,955.0,98,115
2.167,65,6,bus,38.5,1148.0,77,252
2.167,65,7,car,296.5,1217.0,143,229
2.167,65,8,car,428.0,1221.0,122,211
2.167,65,9,car,488.5,783.0,49,59
2.167,65,10,car,431.0,984.0,92,132
2.167,65,11,car,553.0,1061.0,124,159
2.167,65,12,car,322.5,839.0,63,71
2.167,65,13,car,410.5,864.0,69,88
2.167,65,14,car,154.5,1276.0,185,255
2.167,65,16,truck,125.5,981.0,115,133
2.167,65,17,bus,686.5,802.0,67,121
2.167,65,23,car,400.0,775.0,50,55
2.167,65,15,car,342.0,946.0,38,58
2.333,70,1,bus,685.5,801.0,69,228
2.333,70,2,bus,204.5,852.0,163,179
2.333,70,3,car,514.5,885.0,83,92
2.333,70,4,bus,153.5,1277.0,185,257
2.333,70,5,car,254.5,955.0,97,114
2.333,70,6,bus,38.5,1149.0,77,252
2.333,70,7,car,296.0,1218.0,144,230
2.333,70,8,car,428.0,1221.0,122,210
2.333,70,9,car,488.5,783.0,49,59
2.333,70,10,car,431.0,985.0,92,133
2.333,70,11,car,553.0,1061.0,124,159
2.333,70,12,car,322.5,839.0,65,71
2.333,70,13,car,410.0,864.0,70,87
2.333,70,14,car,154.0,1276.0,186,254
2.333,70,16,bus,126.0,983.0,116,135
2.333,70,17,bus,686.0,802.0,68,124
2.333,70,23,car,400.0,775.0,50,54
2.333,70,35,car,686.0,1279.0,66,107
2.5,75,1,bus,685.5,801.0,69,227
2.5,75,2,bus,203.5,853.0,163,178
2.5,75,3,car,514.5,886.0,83,93
2.5,75,4,bus,153.0,1277.0,184,257
2.5,75,5,car,254.5,955.0,97,114
2.5,75,6,bus,38.0,1149.0,76,252
2.5,75,7,car,296.0,1218.0,144,230
2.5,75,8,car,428.0,1222.0,122,211
2.5,75,9,car,488.0,783.0,50,60
2.5,75,10,car,430.5,985.0,93,133
2.5,75,11,car,553.0,1062.0,124,160
2.5,75,12,car,321.5,841.0,65,72
2.5,75,13,car,410.5,865.0,71,88
2.5,75,14,car,153.0,1276.0,186,253
2.5,75,16,truck,125.0,983.0,116,134
2.5,75,23,car,400.0,775.0,50,56
2.5,75,35,car,686.0,1279.0,66,107
2.667,80,1,bus,685.5,802.0,69,229
2.667,80,2,bus,203.0,854.0,164,179
2.667,80,3,car,514.5,885.0,83,91
2.667,80,4,bus,151.5,1277.0,185,256
2.667,80,5,car,254.5,955.0,97,114
2.667,80,6,bus,38.0,1148.0,76,252
2.667,80,7,car,296.0,1219.0,144,230
2.667,80,8,car,428.5,1223.0,123,212
2.667,80,9,car,488.0,783.0,48,58
2.667,80,10,car,430.5,986.0,93,133
2.667,80,11,car,554.0,1062.0,124,160
2.667,80,12,car,321.5,841.0,65,71
2.667,80,13,car,410.5,862.0,69,85
2.667,80,14,car,151.5,1276.0,185,253
2.667,80,16,bus,124.5,985.0,117,136
2.667,80,23,car,399.5,774.0,49,53
2.667,80,35,car,685.5,1279.0,65,106
2.833,85,1,bus,686.0,802.0,68,227
2.833,85,2,bus,202.0,854.0,162,177
2.833,85,3,car,514.5,885.0,83,91
2.833,85,4,bus,151.0,1278.0,184,256
2.833,85,5,car,255.0,955.0,96,113
2.833,85,6,bus,38.0,1149.0,76,252
2.833,85,7,car,297.0,1220.0,144,230
2.833,85,8,car,428.5,1224.0,123,212
2.833,85,9,car,488.5,785.0,49,59
2.833,85,10,car,430.5,986.0,93,133
2.833,85,11,car,554.0,1063.0,124,160
2.833,85,12,car,322.5,841.0,65,71
2.833,85,13,car,410.5,858.0,65,80
2.833,85,14,car,150.5,1276.0,185,252
2.833,85,16,bus,124.5,985.0,117,135
2.833,85,23,car,399.5,775.0,49,54
2.833,85,35,car,686.0,1279.0,64,105
2.833,85,15,car,341.5,948.0,43,67
3.0,90,1,bus,686.0,803.0,68,227
3.0,90,2,bus,202.0,855.0,162,177
3.0,90,3,car,514.5,889.0,85,94
3.0,90,4,bus,151.5,1277.0,183,253
3.0,90,5,car,255.0,955.0,96,112
3.0,90,6,bus,38.0,1151.0,76,253
3.0,90,7,car,296.5,1222.0,145,232
3.0,90,8,car,428.5,1226.0,123,212
3.0,90,9,car,488.5,786.0,49,59
3.0,90,10,car,431.0,986.0,92,132
3.0,90,11,car,554.0,1064.0,124,160
3.0,90,12,car,322.5,841.0,65,71
3.0,90,13,car,410.5,860.0,67,81
3.0,90,14,car,151.5,1276.0,183,249
3.0,90,16,bus,125.0,987.0,118,136
3.0,90,23,car,400.0,777.0,50,55
3.0,90,35,car,687.0,1278.0,64,103
3.0,90,15,car,342.0,949.0,44,69
3.167,95,1,bus,686.0,804.0,68,227
3.167,95,2,bus,202.0,855.0,162,176
3.167,95,3,car,515.0,891.0,86,96
3.167,95,4,bus,152.0,1278.0,182,253
3.167,95,5,car,255.0,955.0,96,112
3.167,95,6,bus,38.0,1152.0,76,253
3.167,95,7,car,296.5,1224.0,147,234
3.167,95,8,car,428.5,1227.0,123,213
3.167,95,9,car,488.5,786.0,49,58
3.167,95,10,car,431.0,986.0,92,132
3.167,95,11,car,554.5,1065.0,125,160
3.167,95,12,car,323.5,840.0,65,70
3.167,95,13,car,410.5,861.0,67,82
3.167,95,14,car,152.0,1276.0,182,247
3.167,95,16,bus,125.0,988.0,118,137
3.167,95,23,car,400.0,777.0,50,55
3.167,95,35,car,688.0,1278.0,64,103
3.167,95,15,car,341.5,950.0,43,70
3.167,95,46,car,411.5,691.0,39,36
3.333,100,1,bus,685.5,804.0,67,226
3.333,100,2,bus,202.0,855.0,162,176
3.333,100,3,car,515.0,892.0,86,97
3.333,100,4,bus,152.5,1277.0,181,252
3.333,100,5,car,255.0,955.0,96,112
3.333,100,6,bus,38.0,1152.0,76,251
3.333,100,7,bus,296.5,1225.0,145,234
3.333,100,8,car,428.5,1226.0,123,212
3.333,100,9,car,488.5,787.0,49,60
3.333,100,10,car,431.0,986.0,92,132
3.333,100,11,car,554.5,1065.0,125,160
3.333,100,12,car,323.5,840.0,65,71
3.333,100,13,car,410.5,858.0,65,79
3.333,100,14,car,151.5,1276.0,181,246
3.333,100,16,bus,125.0,988.0,118,136
3.333,100,23,car,400.0,777.0,48,53
3.333,100,35,car,688.5,1279.0,63,104
3.333,100,15,car,341.5,950.0,43,70
3.333,100,46,car,412.0,690.0,38,36
3.333,100,48,car,296.5,1225.0,145,236
3.5,105,1,bus,685.5,804.0,67,225
3.5,105,2,bus,202.5,856.0,161,176
3.5,105,3,car,515.0,892.0,88,96
3.5,105,4,bus,153.0,1277.0,182,252
3.5,105,5,car,255.0,956.0,96,113
3.5,105,6,bus,38.0,1153.0,76,251
3.5,105,7,bus,296.5,1226.0,145,234
3.5,105,8,car,428.5,1226.0,123,212
3.5,105,9,car,488.5,787.0,49,60
3.5,105,10,car,431.0,986.0,92,132
3.5,105,11,car,554.5,1065.0,125,160
3.5,105,12,car,323.5,840.0,65,71
3.5,105,13,car,410.5,861.0,69,82
3.5,105,14,car,152.5,1276.0,181,246
3.5,105,16,car,125.0,988.0,118,135
3.5,105,23,car,400.0,776.0,48,53
3.5,105,35,car,688.5,1279.0,63,104
3.5,105,15,car,342.0,950.0,42,70
3.5,105,46,car,412.0,687.0,36,34
3.5,105,48,car,296.5,1225.0,145,236
3.667,110,1,bus,686.0,803.0,66,224
3.667,110,2,bus,202.5,856.0,161,176
3.667,110,3,car,515.0,892.0,88,97
3.667,110,4,bus,152.5,1277.0,181,252
3.667,110,5,car,255.0,956.0,96,113
3.667,110,6,bus,37.5,1153.0,75,251
3.667,110,7,bus,296.5,1226.0,145,234
3.667,110,8,car,428.5,1226.0,123,212
3.667,110,9,car,488.5,787.0,49,60
3.667,110,10,car,431.0,986.0,92,132
3.667,110,11,car,555.0,1066.0,124,160
3.667,110,12,car,324.0,840.0,66,72
3.667,110,13,car,410.5,862.0,69,83
3.667,110,14,car,152.0,1276.0,182,246
3.667,110,16,bus,125.0,988.0,118,136
3.667,110,23,car,400.5,774.0,47,52
3.667,110,35,car,688.5,1279.0,63,104
3.667,110,15,car,341.5,950.0,41,70
3.667,110,46,car,412.0,685.0,36,34
3.667,110,48,car,296.0,1225.0,144,236
3.833,115,1,bus,686.0,803.0,66,223
3.833,115,2,bus,201.5,855.0,161,176
3.833,115,3,car,514.5,893.0,87,97
3.833,115,4,bus,152.0,1278.0,182,253
3.833,115,5,car,254.5,956.0,97,113
3.833,115,6,bus,37.5,1152.0,75,251
3.833,115,7,bus,296.0,1224.0,144,232
3.833,115,8,car,427.5,1226.0,123,212
3.833,115,9,car,489.0,786.0,48,58
3.833,115,10,car,430.5,985.0,91,131
3.833,115,11,car,554.5,1066.0,125,161
3.833,115,12,car,324.0,839.0,66,73
3.833,115,13,car,410.5,864.0,71,85
3.833,115,14,car,151.0,1277.0,182,247
3.833,115,16,bus,124.0,988.0,118,136
3.833,115,23,car,400.5,772.0,47,52
3.833,115,35,car,687.5,1279.0,63,103
3.833,115,15,car,341.0,950.0,40,70
3.833,115,46,car,412.5,683.0,37,35
3.833,115,48,car,295.5,1225.0,145,236
3.833,115,17,bus,686.0,804.0,68,120
4.0,120,1,bus,686.0,803.0,66,223
4.0,120,2,bus,201.0,855.0,162,176
4.0,120,3,car,514.5,893.0,87,97
4.0,120,4,bus,151.0,1278.0,182,252
4.0,120,5,car,254.5,955.0,97,113
4.0,120,6,bus,37.5,1151.0,75,250
4.0,120,7,bus,296.0,1225.0,144,233
4.0,120,8,car,427.5,1225.0,123,211
4.0,120,9,car,488.5,786.0,47,58
4.0,120,10,car,430.0,986.0,92,132
4.0,120,11,car,554.5,1065.0,125,160
4.0,120,12,car,323.5,838.0,67,73
4.0,120,13,car,410.0,863.0,72,85
4.0,120,14,car,151.0,1277.0,182,247
4.0,120,16,bus,124.0,988.0,118,136
4.0,120,23,car,400.0,771.0,48,53
4.0,120,15,car,341.0,950.0,40,70
4.0,120,48,car,295.0,1225.0,144,236
4.0,120,17,bus,685.5,804.0,69,128
4.167,125,1,bus,686.0,803.0,66,223
4.167,125,2,bus,201.0,855.0,162,177
4.167,125,3,car,514.5,893.0,87,97
4.167,125,4,bus,151.0,1278.0,182,252
4.167,125,5,car,254.5,955.0,97,113
4.167,125,6,bus,37.0,1150.0,74,249
4.167,125,7,bus,296.0,1225.0,144,233
4.167,125,8,car,427.5,1225.0,123,211
4.167,125,9,car,488.5,786.0,47,58
4.167,125,10,car,430.0,986.0,92,132
4.167,125,11,car,554.0,1065.0,124,160
4.167,125,12,car,323.0,837.0,66,72
4.167,125,13,car,410.0,863.0,72,86
4.167,125,14,car,151.0,1277.0,182,247
4.167,125,16,bus,124.0,988.0,118,136
4.167,125,23,car,400.0,771.0,48,54
4.167,125,15,car,341.0,950.0,40,70
4.167,125,48,car,295.0,1225.0,144,236
4.167,125,17,bus,685.0,804.0,70,130
4.333,130,1,bus,686.0,803.0,66,223
4.333,130,2,bus,201.0,855.0,162,177
4.333,130,3,car,514.5,893.0,87,97
4.333,130,4,bus,151.0,1278.0,182,252
4.333,130,5,car,254.5,955.0,97,113
4.333,130,6,bus,37.0,1150.0,74,249
4.333,130,7,bus,296.0,1225.0,144,234
4.333,130,8,car,427.5,1225.0,123,211
4.333,130,9,car,488.5,786.0,47,58
4.333,130,10,car,430.0,986.0,92,132
4.333,130,11,car,554.0,1064.0,124,159
4.333,130,12,car,323.0,837.0,66,72
4.333,130,13,car,410.0,863.0,72,86
4.333,130,14,car,151.0,1277.0,182,247
4.333,130,16,bus,124.0,988.0,118,136
4.333,130,23,car,400.0,771.0,48,54
4.333,130,15,car,340.5,950.0,39,70
4.333,130,48,car,295.0,1225.0,144,236
4.333,130,17,bus,685.0,804.0,70,131
4.5,135,4,car,152.0,1198.0,158,215
4.5,135,5,car,269.0,945.0,98,113
4.5,135,8,car,443.5,1213.0,129,219
4.5,135,10,car,421.5,994.0,101,142
4.5,135,16,bus,108.0,992.0,204,241
4.667,140,4,car,152.5,1165.0,149,199
4.667,140,5,car,274.5,941.0,101,115
4.667,140,8,car,449.0,1208.0,132,222
4.667,140,10,car,417.5,997.0,105,146
4.667,140,16,bus,108.5,994.0,217,277
4.667,140,70,car,639.0,1279.0,160,208
4.667,140,71,car,258.5,1279.0,177,53
4.667,140,72,car,294.5,823.0,75,80
4.667,140,73,bus,163.0,760.0,142,136
4.667,140,74,car,548.0,868.0,88,95
4.667,140,75,car,466.0,1279.0,142,21
4.667,140,76,truck,594.5,1041.0,147,158
4.667,140,77,car,280.0,713.0,62,57
4.667,140,78,car,594.5,1041.0,145,157
4.667,140,79,car,332.5,742.0,61,61
4.667,140,81,car,491.5,716.0,71,73
4.667,140,83,car,402.5,829.0,75,80
4.833,145,4,car,152.5,1154.0,147,194
4.833,145,5,car,278.0,934.0,100,114
4.833,145,8,car,450.5,1206.0,135,223
4.833,145,10,car,415.0,995.0,106,145
4.833,145,16,bus,110.0,995.0,220,294
4.833,145,70,car,638.5,1279.0,159,207
4.833,145,71,car,258.5,1279.0,173,52
4.833,145,72,car,294.0,821.0,76,80
4.833,145,73,bus,164.5,758.0,141,134
4.833,145,74,car,544.5,869.0,91,98
4.833,145,75,car,465.0,1279.0,138,20
4.833,145,76,car,594.0,1043.0,148,160
4.833,145,77,car,281.0,712.0,62,56
4.833,145,78,truck,594.5,1043.0,147,160
4.833,145,79,car,333.5,739.0,61,61
4.833,145,81,car,490.0,711.0,68,71
4.833,145,83,car,401.5,825.0,77,82
5.0,150,4,car,152.5,1148.0,147,190
5.0,150,5,car,280.0,927.0,98,110
5.0,150,8,car,449.5,1205.0,137,223
5.0,150,10,car,413.0,991.0,106,143
5.0,150,16,bus,109.5,997.0,219,301
5.0,150,70,car,637.5,1279.0,159,206
5.0,150,71,car,256.5,1279.0,169,51
5.0,150,72,car,295.0,816.0,74,78
5.0,150,73,bus,165.0,756.0,138,131
5.0,150,74,car,543.0,871.0,94,100
5.0,150,75,car,464.0,1279.0,134,20
5.0,150,76,car,592.5,1044.0,149,159
5.0,150,77,car,282.5,711.0,63,57
5.0,150,78,truck,593.0,1044.0,148,159
5.0,150,79,car,334.0,737.0,60,60
5.0,150,81,car,489.0,710.0,68,71
5.0,150,83,car,400.5,823.0,77,83
5.0,150,87,car,357.5,682.0,59,45
5.167,155,4,car,150.0,1148.0,148,189
5.167,155,5,car,280.5,924.0,99,110
5.167,155,8,car,448.0,1207.0,138,223
5.167,155,10,car,410.5,989.0,107,143
5.167,155,16,bus,108.0,1000.0,216,304
5.167,155,70,car,636.5,1279.0,157,203
5.167,155,71,car,253.5,1279.0,157,47
5.167,155,72,car,293.0,811.0,72,76
5.167,155,73,bus,161.5,759.0,139,133
5.167,155,74,car,540.5,874.0,95,102
5.167,155,75,car,458.0,1279.0,130,19
5.167,155,77,car,282.5,711.0,63,58
5.167,155,78,car,591.0,1048.0,146,159
5.167,155,79,car,333.5,736.0,59,59
5.167,155,81,car,488.0,709.0,66,69
5.167,155,83,car,397.5,822.0,77,82
5.167,155,87,car,357.0,684.0,62,48
5.333,160,4,car,146.5,1151.0,149,188
5.333,160,5,car,279.5,920.0,99,108
5.333,160,8,car,443.5,1209.0,139,221
5.333,160,10,car,407.0,989.0,108,143
5.333,160,16,bus,106.5,1005.0,213,307
5.333,160,70,car,634.5,1279.0,153,197
5.333,160,71,car,248.5,1279.0,135,40
5.333,160,72,car,290.5,809.0,71,74
5.333,160,73,bus,158.5,765.0,143,137
5.333,160,74,car,537.0,878.0,94,101
5.333,160,77,car,281.5,713.0,63,58
5.333,160,78,car,588.0,1052.0,146,159
5.333,160,79,car,333.0,738.0,60,60
5.333,160,81,car,485.5,702.0,59,61
5.333,160,83,car,394.0,822.0,72,77
5.333,160,87,car,356.5,687.0,63,49
5.5,165,4,car,143.0,1156.0,150,188
5.5,165,5,car,280.0,916.0,98,105
5.5,165,8,car,440.0,1211.0,138,218
5.5,165,10,car,403.0,990.0,108,142
5.5,165,16,bus,104.0,1004.0,208,302
5.5,165,70,car,632.5,1279.0,149,190
5.5,165,71,car,245.5,1279.0,109,32
5.5,165,72,car,288.0,808.0,66,69
5.5,165,73,bus,157.5,771.0,145,139
5.5,165,74,car,532.5,881.0,93,100
5.5,165,77,car,280.5,714.0,63,57
5.5,165,78,car,584.5,1058.0,147,159
5.5,165,79,car,333.5,741.0,61,60
5.5,165,81,car,484.0,696.0,50,51
5.5,165,83,car,389.0,826.0,76,81
5.5,165,87,car,355.5,689.0,63,49
5.667,170,4,car,139.5,1160.0,151,187
5.667,170,5,car,279.5,913.0,97,104
5.667,170,8,car,436.0,1213.0,138,216
5.667,170,10,car,399.5,990.0,107,140
5.667,170,16,bus,102.5,1015.0,205,306
5.667,170,70,car,631.0,1279.0,146,183
5.667,170,71,car,242.5,1279.0,79,22
5.667,170,72,car,287.5,808.0,63,66
5.667,170,73,bus,155.5,779.0,147,141
5.667,170,74,car,527.0,886.0,94,101
5.667,170,77,car,280.0,718.0,62,56
5.667,170,78,car,580.5,1066.0,147,159
5.667,170,79,car,333.5,744.0,59,57
5.667,170,81,car,481.5,699.0,51,51
5.667,170,83,car,385.5,830.0,75,79
5.667,170,87,car,355.5,693.0,63,48
5.667,170,9,car,498.0,785.0,56,66
5.833,175,4,car,135.5,1166.0,151,186
5.833,175,5,car,278.5,911.0,97,103
5.833,175,8,car,431.0,1214.0,138,214
5.833,175,10,car,396.0,988.0,106,137
5.833,175,16,bus,101.5,1022.0,203,306
5.833,175,70,car,629.0,1279.0,140,173
5.833,175,72,car,287.0,809.0,62,65
5.833,175,73,bus,153.5,787.0,147,142
5.833,175,74,car,523.0,890.0,92,99
5.833,175,77,car,279.0,723.0,62,56
5.833,175,78,car,576.5,1073.0,145,158
5.833,175,79,car,335.5,746.0,59,56
5.833,175,83,car,384.0,835.0,72,76
5.833,175,87,car,355.5,698.0,61,48
5.833,175,9,car,495.0,789.0,58,68
5.833,175,11,truck,574.5,1074.0,125,158
6.0,180,4,car,132.5,1169.0,151,185
6.0,180,5,car,278.0,910.0,96,101
6.0,180,8,car,426.5,1214.0,137,212
6.0,180,10,car,392.0,986.0,104,134
6.0,180,16,bus,100.5,1031.0,201,306
6.0,180,70,car,626.5,1279.0,137,164
6.0,180,72,car,286.5,811.0,63,65
6.0,180,73,bus,151.0,791.0,146,141
6.0,180,77,car,278.0,728.0,62,56
6.0,180,78,truck,573.5,1081.0,147,160
6.0,180,79,car,336.0,747.0,58,54
6.0,180,83,car,382.0,839.0,72,77
6.0,180,87,car,356.5,702.0,61,47
6.0,180,9,car,493.0,792.0,60,70
6.0,180,23,car,391.0,775.0,62,66
6.167,185,4,car,130.5,1173.0,153,184
6.167,185,5,car,277.5,908.0,93,98
6.167,185,8,car,423.0,1212.0,136,208
6.167,185,10,truck,389.0,987.0,104,132
6.167,185,16,bus,100.0,1037.0,200,305
6.167,185,70,car,625.5,1279.0,133,155
6.167,185,72,car,285.5,814.0,63,64
6.167,185,73,bus,151.0,795.0,142,137
6.167,185,77,car,277.5,732.0,59,54
6.167,185,78,truck,569.5,1087.0,147,160
6.167,185,79,car,338.0,752.0,58,53
6.167,185,83,car,380.5,842.0,73,77
6.167,185,87,car,358.0,706.0,60,46
6.167,185,114,motorcycle,282.5,1166.0,57,77
6.167,185,23,car,390.0,778.0,64,67
6.167,185,3,car,514.0,896.0,82,90
6.167,185,11,car,571.0,1086.0,130,160
6.333,190,4,car,130.0,1176.0,152,181
6.333,190,5,car,277.5,909.0,91,95
6.333,190,8,car,421.0,1208.0,134,203
6.333,190,10,truck,386.5,990.0,105,133
6.333,190,16,bus,99.0,1041.0,198,304
6.333,190,70,car,625.0,1279.0,130,145
6.333,190,72,car,286.0,819.0,62,64
6.333,190,73,bus,152.0,795.0,136,131
6.333,190,77,car,277.5,735.0,57,52
6.333,190,78,truck,566.5,1095.0,147,160
6.333,190,79,car,340.5,755.0,57,52
6.333,190,83,car,378.0,846.0,74,78
6.333,190,86,motorcycle,325.0,1038.0,38,92
6.333,190,87,car,361.0,710.0,58,45
6.333,190,114,car,283.5,1165.0,55,75
6.333,190,23,car,389.5,779.0,61,63
6.333,190,120,car,485.5,798.0,63,61
6.333,190,3,car,511.0,899.0,84,92
6.333,190,11,car,568.0,1094.0,132,160
6.5,195,4,car,129.0,1177.0,150,177
6.5,195,5,car,277.5,909.0,89,93
6.5,195,8,car,418.0,1202.0,130,196
6.5,195,10,car,385.5,990.0,103,131
6.5,195,16,bus,98.5,1044.0,197,300
6.5,195,70,car,624.0,1279.0,128,137
6.5,195,72,car,285.5,821.0,61,62
6.5,195,73,bus,154.5,793.0,129,122
6.5,195,77,car,279.5,739.0,55,50
6.5,195,78,truck,563.5,1100.0,145,159
6.5,195,79,car,342.5,760.0,57,51
6.5,195,83,car,377.5,851.0,73,78
6.5,195,87,car,362.5,713.0,55,42
6.5,195,114,motorcycle,285.0,1163.0,54,73
6.5,195,23,car,390.5,780.0,61,61
6.5,195,120,car,482.0,800.0,66,63
6.5,195,3,car,508.0,901.0,84,92
6.5,195,11,car,565.5,1098.0,133,159
6.5,195,123,motorcycle,189.5,952.0,39,74
6.667,200,4,car,129.0,1178.0,148,174
6.667,200,5,car,278.0,908.0,86,89
6.667,200,8,car,416.5,1196.0,129,192
6.667,200,10,car,385.0,988.0,100,128
6.667,200,16,bus,98.5,1045.0,197,295
6.667,200,70,car,623.5,1279.0,129,132
6.667,200,72,car,287.0,822.0,60,59
6.667,200,73,bus,157.0,789.0,122,113
6.667,200,77,car,281.0,750.0,62,57
6.667,200,78,car,561.0,1100.0,142,154
6.667,200,79,car,344.0,762.0,54,48
6.667,200,83,car,376.5,854.0,73,78
6.667,200,86,motorcycle,324.5,1032.0,39,93
6.667,200,87,car,364.0,719.0,54,42
6.667,200,114,motorcycle,289.0,1159.0,54,73
6.667,200,23,car,391.5,783.0,61,61
6.667,200,120,car,480.5,803.0,65,61
6.667,200,3,car,505.5,901.0,81,88
6.667,200,11,truck,563.0,1100.0,132,157
6.667,200,123,motorcycle,192.0,950.0,40,76
6.833,205,4,car,130.0,1178.0,148,173
6.833,205,5,car,279.0,906.0,84,87
6.833,205,8,car,415.5,1185.0,125,184
6.833,205,10,car,384.0,986.0,98,124
6.833,205,16,bus,98.5,1043.0,197,289
6.833,205,70,car,622.5,1279.0,131,129
6.833,205,72,car,288.5,822.0,59,58
6.833,205,73,bus,157.5,788.0,117,108
6.833,205,77,car,282.0,752.0,60,56
6.833,205,78,car,559.0,1100.0,140,152
6.833,205,79,car,345.5,763.0,51,46
6.833,205,83,car,376.5,856.0,71,76
6.833,205,86,motorcycle,322.5,1027.0,41,96
6.833,205,87,car,366.5,721.0,53,41
6.833,205,114,motorcycle,295.0,1150.0,50,68
6.833,205,23,car,391.0,787.0,62,61
6.833,205,120,car,478.0,803.0,64,61
6.833,205,3,car,502.5,899.0,79,85
6.833,205,11,truck,560.5,1100.0,131,154
6.833,205,123,motorcycle,195.5,950.0,39,76
7.0,210,4,car,132.5,1174.0,145,169
7.0,210,5,car,280.5,902.0,83,84
7.0,210,8,car,415.0,1174.0,122,179
7.0,210,10,car,383.0,983.0,96,121
7.0,210,16,bus,99.0,1039.0,196,282
7.0,210,70,car,621.5,1279.0,137,131
7.0,210,72,car,289.0,820.0,58,56
7.0,210,73,bus,159.0,787.0,116,104
7.0,210,77,car,284.5,749.0,55,51
7.0,210,78,car,557.0,1100.0,140,154
7.0,210,79,car,347.5,763.0,49,44
7.0,210,83,car,377.0,856.0,70,75
7.0,210,87,car,368.5,722.0,53,41
7.0,210,23,car,391.5,789.0,61,61
7.0,210,120,car,476.5,803.0,65,62
7.0,210,3,car,500.0,896.0,76,82
7.0,210,11,truck,558.0,1099.0,132,154
7.167,215,4,car,135.0,1169.0,144,168
7.167,215,5,car,283.5,898.0,81,83
7.167,215,8,car,416.0,1159.0,118,170
7.167,215,10,car,382.5,979.0,99,124
7.167,215,16,bus,102.5,1036.0,193,277
7.167,215,70,car,622.0,1279.0,142,133
7.167,215,72,car,291.0,817.0,54,52
7.167,215,73,bus,161.0,786.0,114,100
7.167,215,79,car,352.5,763.0,49,44
7.167,215,83,car,379.5,850.0,65,70
7.167,215,87,car,372.0,723.0,50,39
7.167,215,23,car,393.0,788.0,60,58
7.167,215,120,car,476.5,800.0,63,61
7.167,215,3,car,499.5,894.0,75,81
7.167,215,11,car,557.0,1093.0,130,151
7.167,215,123,motorcycle,202.5,945.0,37,71
7.167,215,114,car,310.0,1129.0,48,63
7.333,220,4,car,138.5,1161.0,141,162
7.333,220,5,car,286.0,895.0,82,83
7.333,220,8,car,417.0,1143.0,112,160
7.333,220,10,car,383.5,977.0,103,130
7.333,220,16,bus,107.0,1033.0,194,273
7.333,220,70,car,621.0,1279.0,148,135
7.333,220,72,car,295.5,814.0,53,50
7.333,220,73,bus,165.0,777.0,104,89
7.333,220,79,car,358.0,763.0,48,43
7.333,220,83,car,381.5,847.0,61,65
7.333,220,86,motorcycle,312.5,992.0,35,79
7.333,220,87,car,376.5,724.0,51,39
7.333,220,23,car,395.5,787.0,59,57
7.333,220,120,car,476.5,800.0,63,61
7.333,220,3,car,499.0,890.0,74,79
7.333,220,11,car,555.0,1087.0,128,147
7.333,220,139,car,442.0,719.0,52,46
7.333,220,77,car,294.0,747.0,54,50
7.5,225,4,car,143.5,1154.0,139,160
7.5,225,5,car,288.5,888.0,79,80
7.5,225,8,car,416.0,1128.0,110,153
7.5,225,10,car,384.5,968.0,99,125
7.5,225,16,bus,110.0,1027.0,192,266
7.5,225,70,car,620.5,1279.0,157,141
7.5,225,72,car,298.5,811.0,53,50
7.5,225,73,bus,169.0,780.0,108,91
7.5,225,79,car,362.5,760.0,45,40
7.5,225,83,car,384.0,845.0,62,65
7.5,225,86,motorcycle,310.0,986.0,34,76
7.5,225,87,car,380.5,724.0,51,40
7.5,225,23,car,398.0,787.0,60,58
7.5,225,120,car,477.0,798.0,62,61
7.5,225,3,car,498.0,885.0,74,79
7.5,225,11,car,554.5,1078.0,125,142
7.5,225,77,car,298.5,743.0,53,48
7.667,230,4,car,147.5,1145.0,137,157
7.667,230,5,car,292.5,882.0,77,78
7.667,230,8,car,417.0,1114.0,108,149
7.667,230,10,car,386.5,962.0,93,119
7.667,230,16,bus,112.0,1020.0,192,260
7.667,230,70,car,620.0,1279.0,168,151
7.667,230,72,car,302.5,808.0,53,50
7.667,230,73,bus,171.5,780.0,111,91
7.667,230,79,car,368.0,756.0,42,38
7.667,230,83,car,386.5,843.0,63,65
7.667,230,86,motorcycle,306.5,976.0,35,78
7.667,230,87,car,384.0,721.0,50,38
7.667,230,23,car,398.5,781.0,59,55
7.667,230,120,car,477.5,795.0,61,60
7.667,230,3,car,496.0,878.0,72,78
7.667,230,11,car,552.0,1069.0,124,140
7.667,230,77,car,302.0,749.0,58,53
7.833,235,4,car,152.5,1134.0,133,152
7.833,235,5,car,297.5,874.0,75,75
7.833,235,8,car,418.5,1101.0,107,145
7.833,235,10,car,388.5,951.0,89,112
7.833,235,16,bus,115.5,1012.0,193,254
7.833,235,70,car,621.0,1279.0,180,161
7.833,235,72,car,305.5,802.0,51,48
7.833,235,73,bus,174.5,781.0,115,94
7.833,235,83,car,389.5,841.0,63,66
7.833,235,86,motorcycle,305.0,966.0,34,74
7.833,235,23,car,397.5,777.0,55,51
7.833,235,120,car,478.0,792.0,60,59
7.833,235,3,car,494.5,874.0,71,78
7.833,235,11,car,550.0,1058.0,122,136
7.833,235,77,car,305.0,751.0,58,54
7.833,235,147,car,90.0,1279.0,180,41
7.833,235,75,car,439.5,1279.0,187,29
8.0,240,4,car,158.5,1120.0,129,146
8.0,240,5,car,302.0,865.0,72,71
8.0,240,8,car,420.0,1086.0,104,140
8.0,240,10,car,390.0,941.0,86,109
8.0,240,16,bus,118.5,1005.0,193,249
8.0,240,70,car,622.0,1279.0,192,174
8.0,240,72,car,310.0,797.0,50,47
8.0,240,73,bus,176.5,781.0,121,97
8.0,240,83,car,394.0,834.0,66,70
8.0,240,86,motorcycle,305.0,958.0,34,73
8.0,240,120,car,479.5,789.0,59,59
8.0,240,3,car,493.0,863.0,68,74
8.0,240,11,car,548.5,1046.0,119,131
8.0,240,77,car,310.5,746.0,57,52
8.0,240,147,car,110.5,1279.0,221,56
8.0,240,75,car,438.5,1279.0,247,41
8.167,245,4,car,164.5,1107.0,127,142
8.167,245,5,car,306.5,861.0,75,74
8.167,245,8,car,420.5,1072.0,103,137
8.167,245,10,car,392.0,931.0,84,104
8.167,245,16,bus,122.0,995.0,194,242
8.167,245,70,car,619.5,1279.0,201,187
8.167,245,72,car,315.5,792.0,49,46
8.167,245,73,bus,181.0,780.0,124,98
8.167,245,86,motorcycle,306.5,947.0,35,76
8.167,245,120,car,480.5,785.0,57,57
8.167,245,3,car,493.0,853.0,66,72
8.167,245,11,car,547.0,1038.0,120,133
8.167,245,77,car,315.0,744.0,56,53
8.167,245,147,car,134.0,1279.0,268,73
8.167,245,75,car,436.5,1279.0,311,57
8.333,250,4,car,172.0,1095.0,124,138
8.333,250,5,car,311.5,850.0,69,68
8.333,250,8,car,422.0,1056.0,100,131
8.333,250,10,car,396.5,919.0,79,97
8.333,250,16,bus,128.5,985.0,195,238
8.333,250,70,car,616.5,1279.0,207,202
8.333,250,72,car,322.5,787.0,49,44
8.333,250,73,bus,186.5,772.0,119,92
8.333,250,120,car,483.5,781.0,57,57
8.333,250,3,car,493.5,842.0,61,65
8.333,250,11,car,545.5,1024.0,115,128
8.333,250,77,car,320.0,739.0,54,50
8.333,250,147,car,159.0,1279.0,318,92
8.333,250,75,car,437.0,1279.0,376,76
8.333,250,83,car,403.0,820.0,64,68
8.5,255,4,car,177.5,1086.0,125,139
8.5,255,5,car,316.5,843.0,69,68
8.5,255,8,car,423.0,1039.0,98,126
8.5,255,10,car,401.0,906.0,76,92
8.5,255,16,bus,139.5,973.0,197,233
8.5,255,70,car,614.5,1269.0,211,206
8.5,255,72,car,330.0,781.0,50,46
8.5,255,73,bus,194.0,767.0,118,91
8.5,255,120,car,487.0,776.0,56,56
8.5,255,3,car,497.5,837.0,61,66
8.5,255,11,car,544.5,1008.0,111,122
8.5,255,77,car,325.5,735.0,57,52
8.5,255,147,car,183.0,1279.0,366,113
8.5,255,75,car,437.5,1279.0,437,97
8.5,255,83,car,407.5,812.0,61,63
8.5,255,6,car,30.0,1146.0,46,131
8.667,260,4,car,183.0,1067.0,120,132
8.667,260,5,car,319.5,836.0,69,68
8.667,260,8,car,424.0,1023.0,96,121
8.667,260,10,car,402.0,895.0,76,90
8.667,260,16,bus,147.0,962.0,196,228
8.667,260,70,car,614.0,1252.0,212,205
8.667,260,72,car,332.5,774.0,49,44
8.667,260,73,bus,198.0,758.0,114,87
8.667,260,120,car,489.5,771.0,53,54
8.667,260,3,car,496.0,830.0,60,65
8.667,260,11,car,542.0,992.0,108,116
8.667,260,77,car,330.5,731.0,55,50
8.667,260,75,car,437.5,1279.0,489,118
8.667,260,83,car,410.0,805.0,58,60
8.667,260,6,car,34.5,1136.0,51,134
8.667,260,14,car,98.5,1279.0,125,140
8.833,265,4,car,186.0,1052.0,116,127
8.833,265,5,car,321.0,826.0,66,65
8.833,265,8,car,421.5,1007.0,93,116
8.833,265,10,car,402.5,884.0,75,88
8.833,265,16,bus,154.0,952.0,196,223
8.833,265,70,car,607.5,1229.0,201,198
8.833,265,72,car,334.5,767.0,47,42
8.833,265,73,bus,201.0,751.0,112,84
8.833,265,3,car,493.5,823.0,61,66
8.833,265,11,car,538.0,977.0,104,112
8.833,265,75,car,437.0,1279.0,530,141
8.833,265,83,car,410.5,798.0,55,57
8.833,265,6,car,37.0,1145.0,60,153
8.833,265,14,car,99.5,1279.0,151,157
9.0,270,4,car,188.5,1039.0,115,123
9.0,270,5,car,323.0,816.0,64,62
9.0,270,8,car,419.5,991.0,89,110
9.0,270,10,car,400.5,874.0,73,87
9.0,270,16,bus,158.0,941.0,194,216
9.0,270,70,car,600.0,1204.0,188,187
9.0,270,73,bus,202.5,748.0,113,84
9.0,270,3,car,490.0,816.0,62,66
9.0,270,11,car,531.0,964.0,104,112
9.0,270,83,car,410.0,791.0,54,55
9.0,270,6,car,40.0,1139.0,66,159
9.0,270,14,car,102.5,1279.0,167,170
9.167,275,4,car,191.5,1026.0,113,121
9.167,275,5,car,323.5,810.0,63,60
9.167,275,8,car,416.0,975.0,86,105
9.167,275,10,car,399.5,868.0,75,87
9.167,275,16,bus,161.5,933.0,193,211
9.167,275,70,car,593.0,1184.0,178,179
9.167,275,73,bus,203.0,749.0,118,88
9.167,275,3,car,488.5,812.0,61,66
9.167,275,11,car,524.5,948.0,101,107
9.167,275,83,car,410.5,785.0,53,54
9.167,275,6,car,44.0,1126.0,68,157
9.167,275,14,car,109.0,1279.0,182,186
9.167,275,186,car,428.5,1279.0,153,187
9.167,275,187,car,607.0,690.0,68,34
9.333,280,4,car,195.0,1016.0,114,120
9.333,280,5,car,325.0,804.0,64,60
9.333,280,8,car,413.5,963.0,87,105
9.333,280,10,car,399.0,861.0,74,86
9.333,280,16,bus,165.0,925.0,192,207
9.333,280,70,car,586.0,1163.0,170,171
9.333,280,73,bus,205.5,746.0,119,88
9.333,280,3,car,486.0,808.0,58,62
9.333,280,11,car,519.0,938.0,98,104
9.333,280,83,car,411.0,780.0,54,55
9.333,280,6,car,47.5,1110.0,71,153
9.333,280,14,car,116.0,1276.0,192,199
9.333,280,186,car,427.0,1257.0,146,180
9.333,280,187,car,614.5,688.0,71,35
9.5,285,4,car,199.0,1004.0,108,113
9.5,285,5,car,327.0,798.0,62,58
9.5,285,8,car,412.5,953.0,85,102
9.5,285,10,car,399.5,853.0,71,82
9.5,285,16,bus,173.5,918.0,191,203
9.5,285,70,car,580.0,1142.0,160,162
9.5,285,73,bus,209.5,742.0,115,85
9.5,285,3,car,485.5,805.0,57,60
9.5,285,11,car,513.5,928.0,95,100
9.5,285,83,car,412.5,778.0,55,56
9.5,285,6,car,51.5,1094.0,73,148
9.5,285,14,car,123.0,1267.0,196,204
9.5,285,186,car,422.5,1233.0,141,173
9.5,285,187,car,623.0,686.0,70,35
9.667,290,4,car,202.5,993.0,107,110
9.667,290,5,car,331.5,794.0,63,61
9.667,290,8,car,411.5,943.0,83,99
9.667,290,10,car,399.5,846.0,69,79
9.667,290,16,bus,180.5,910.0,187,197
9.667,290,70,car,574.0,1122.0,152,156
9.667,290,73,bus,215.0,739.0,114,83
9.667,290,3,car,484.5,802.0,55,59
9.667,290,11,car,509.0,915.0,90,94
9.667,290,83,car,414.0,773.0,52,53
9.667,290,14,car,131.5,1250.0,191,200
9.667,290,186,car,420.0,1206.0,132,162
9.667,290,187,car,632.0,684.0,68,34
9.833,295,4,car,207.0,985.0,106,108
9.833,295,5,car,333.5,788.0,61,58
9.833,295,8,car,411.5,931.0,81,94
9.833,295,10,car,400.5,840.0,69,77
9.833,295,16,bus,188.5,905.0,185,194
9.833,295,70,car,568.0,1103.0,146,150
9.833,295,73,bus,218.0,734.0,110,80
9.833,295,3,car,483.0,798.0,54,58
9.833,295,11,car,506.0,908.0,90,94
9.833,295,83,car,415.5,768.0,49,48
9.833,295,14,car,141.5,1230.0,183,193
9.833,295,186,car,419.0,1182.0,128,159
9.833,295,187,car,642.0,683.0,70,35
9.833,295,6,car,59.0,1067.0,76,141
10.0,300,4,truck,212.0,977.0,104,106
10.0,300,5,car,336.5,783.0,59,56
10.0,300,8,car,411.0,922.0,78,90
10.0,300,10,car,401.5,837.0,69,77
10.0,300,16,bus,195.5,898.0,183,189
10.0,300,70,car,563.5,1086.0,139,143
10.0,300,73,bus,221.5,733.0,111,80
10.0,300,3,car,483.0,794.0,54,58
10.0,300,11,car,504.0,901.0,90,94
10.0,300,14,car,149.5,1208.0,175,185
10.0,300,186,car,418.5,1157.0,119,147
10.0,300,6,car,63.5,1055.0,81,138
10.167,305,4,car,216.0,968.0,104,105
10.167,305,5,car,339.5,780.0,57,54
10.167,305,8,car,411.0,912.0,76,88
10.167,305,10,car,403.5,830.0,67,75
10.167,305,16,bus,203.0,890.0,180,184
10.167,305,70,car,558.0,1065.0,132,136
10.167,305,73,bus,225.5,727.0,105,75
10.167,305,3,car,484.0,792.0,54,57
10.167,305,11,car,503.5,893.0,89,92
10.167,305,14,car,159.5,1184.0,167,175
10.167,305,186,car,418.5,1128.0,109,135
10.167,305,187,car,660.5,681.0,69,33
10.333,310,4,car,220.5,959.0,105,105
10.333,310,5,car,344.0,773.0,54,51
10.333,310,8,car,412.5,902.0,75,84
10.333,310,10,car,404.5,825.0,67,75
10.333,310,16,bus,209.0,882.0,176,179
10.333,310,70,car,552.5,1043.0,125,129
10.333,310,73,bus,230.0,726.0,106,75
10.333,310,3,car,484.0,789.0,52,55
10.333,310,11,car,502.0,885.0,86,89
10.333,310,14,car,169.5,1164.0,161,170
10.333,310,186,car,418.0,1110.0,106,132
10.333,310,217,car,254.5,1279.0,209,30
10.333,310,187,car,672.0,680.0,74,36
10.333,310,6,car,71.5,1025.0,83,128
