timestamp_seconds,vehicle_count,vehicle_density_score,tracked_vehicle_count,moving_vehicle_count,slow_vehicle_count,stopped_vehicle_count,moving_vehicle_percentage,slow_vehicle_percentage,stopped_vehicle_percentage,average_pixel_speed,median_pixel_speed,movement_congestion_score,vision_congestion_score,traffic_state
0.167,2,9.523809523809524,2,0,0,2,0.0,0.0,100.0,0.0,0.0,80.0,51.80952380952381,MODERATE
0.834,8,38.095238095238095,1,1,0,0,100.0,0.0,0.0,28.495618903670486,28.495618903670486,0.0,15.238095238095239,LOW
2.502,6,28.57142857142857,1,1,0,0,100.0,0.0,0.0,11.01275449303965,11.01275449303965,0.0,11.428571428571429,LOW
6.173,10,47.61904761904761,1,0,0,1,0.0,0.0,100.0,0.0,0.0,80.0,67.04761904761905,HIGH
6.34,1,4.761904761904762,1,1,0,0,100.0,0.0,0.0,74.85029940119769,74.85029940119769,0.0,1.9047619047619049,LOW
6.506,0,0.0,1,1,0,0,100.0,0.0,0.0,95.72438904861848,95.72438904861848,0.0,0.0,LOW
6.673,10,47.61904761904761,1,1,0,0,100.0,0.0,0.0,58.82300210894767,58.82300210894767,0.0,19.047619047619047,LOW
6.84,10,47.61904761904761,1,1,0,0,100.0,0.0,0.0,55.93275955769289,55.93275955769289,0.0,19.047619047619047,LOW
7.007,10,47.61904761904761,1,1,0,0,100.0,0.0,0.0,55.04424045164747,55.04424045164747,0.0,19.047619047619047,LOW
7.341,12,57.14285714285714,1,1,0,0,100.0,0.0,0.0,10.168670964350715,10.168670964350715,0.0,22.857142857142858,LOW
7.841,11,52.38095238095239,1,0,0,1,0.0,0.0,100.0,0.0,0.0,80.0,68.95238095238096,HIGH
8.008,14,66.66666666666666,1,1,0,0,100.0,0.0,0.0,21.17086171217222,21.17086171217222,0.0,26.666666666666664,LOW
8.175,13,61.904761904761905,2,1,0,1,50.0,0.0,50.0,6.351258513651564,6.351258513651564,40.0,48.76190476190476,MODERATE
8.342,10,47.61904761904761,1,1,0,0,100.0,0.0,0.0,39.03714015091411,39.03714015091411,0.0,19.047619047619047,LOW
8.508,1,4.761904761904762,2,1,0,1,50.0,0.0,50.0,10.649198511845686,10.649198511845686,40.0,25.904761904761905,LOW
8.675,8,38.095238095238095,2,2,0,0,100.0,0.0,0.0,134.57318111293506,134.57318111293506,0.0,15.238095238095239,LOW
8.842,13,61.904761904761905,2,2,0,0,100.0,0.0,0.0,135.60501604107927,135.60501604107927,0.0,24.761904761904763,LOW
9.009,13,61.904761904761905,1,1,0,0,100.0,0.0,0.0,211.70861712172103,211.70861712172103,0.0,24.761904761904763,LOW
9.176,12,57.14285714285714,1,1,0,0,100.0,0.0,0.0,382.13258777573657,382.13258777573657,0.0,22.857142857142858,LOW
9.343,0,0.0,1,1,0,0,100.0,0.0,0.0,473.7734238288025,473.7734238288025,0.0,0.0,LOW
9.51,11,52.38095238095239,1,1,0,0,100.0,0.0,0.0,413.3254949661166,413.3254949661166,0.0,20.952380952380956,LOW
9.676,13,61.904761904761905,1,1,0,0,100.0,0.0,0.0,326.8731541967508,326.8731541967508,0.0,24.761904761904763,LOW
9.843,13,61.904761904761905,1,1,0,0,100.0,0.0,0.0,276.78017362681624,276.78017362681624,0.0,24.761904761904763,LOW
10.01,14,66.66666666666666,1,1,0,0,100.0,0.0,0.0,225.40754760142192,225.40754760142192,0.0,26.666666666666664,LOW
10.177,17,80.95238095238095,1,1,0,0,100.0,0.0,0.0,187.55041632773464,187.55041632773464,0.0,32.38095238095238,MODERATE
10.344,13,61.904761904761905,1,1,0,0,100.0,0.0,0.0,149.70059880239538,149.70059880239538,0.0,24.761904761904763,LOW
10.511,10,47.61904761904761,2,2,0,0,100.0,0.0,0.0,77.69595390596835,77.69595390596835,0.0,19.047619047619047,LOW
10.677,12,57.14285714285714,1,1,0,0,100.0,0.0,0.0,127.07845246824664,127.07845246824664,0.0,22.857142857142858,LOW
10.844,12,57.14285714285714,2,1,0,1,50.0,0.0,50.0,64.78767966581565,64.78767966581565,40.0,46.85714285714286,MODERATE
11.011,12,57.14285714285714,2,2,0,0,100.0,0.0,0.0,161.24395923027475,161.24395923027475,0.0,22.857142857142858,LOW
11.178,12,57.14285714285714,1,1,0,0,100.0,0.0,0.0,207.2799273134229,207.2799273134229,0.0,22.857142857142858,LOW
11.345,10,47.61904761904761,1,1,0,0,100.0,0.0,0.0,234.0122518523252,234.0122518523252,0.0,19.047619047619047,LOW
11.511,11,52.38095238095239,1,1,0,0,100.0,0.0,0.0,306.83000324728533,306.83000324728533,0.0,20.952380952380956,LOW
11.678,13,61.904761904761905,1,1,0,0,100.0,0.0,0.0,28.88458233193342,28.88458233193342,0.0,24.761904761904763,LOW
14.181,12,57.14285714285714,1,0,0,1,0.0,0.0,100.0,0.0,0.0,80.0,70.85714285714286,HIGH
18.018,12,57.14285714285714,1,0,0,1,0.0,0.0,100.0,0.0,0.0,80.0,70.85714285714286,HIGH
18.185,1,4.761904761904762,1,1,0,0,100.0,0.0,0.0,48.738983820658376,48.738983820658376,0.0,1.9047619047619049,LOW
18.352,1,4.761904761904762,1,1,0,0,100.0,0.0,0.0,61.43198960683532,61.43198960683532,0.0,1.9047619047619049,LOW
18.518,1,4.761904761904762,1,1,0,0,100.0,0.0,0.0,73.5334675646607,73.5334675646607,0.0,1.9047619047619049,LOW
18.685,1,4.761904761904762,1,1,0,0,100.0,0.0,0.0,75.56544589295875,75.56544589295875,0.0,1.9047619047619049,LOW
18.852,1,4.761904761904762,1,1,0,0,100.0,0.0,0.0,85.10581079971114,85.10581079971114,0.0,1.9047619047619049,LOW
19.019,1,4.761904761904762,1,1,0,0,100.0,0.0,0.0,93.53592426235625,93.53592426235625,0.0,1.9047619047619049,LOW
19.186,10,47.61904761904761,1,1,0,0,100.0,0.0,0.0,119.76047904191503,119.76047904191503,0.0,19.047619047619047,LOW
19.353,1,4.761904761904762,1,1,0,0,100.0,0.0,0.0,132.34752158862355,132.34752158862355,0.0,1.9047619047619049,LOW
19.52,9,42.857142857142854,1,1,0,0,100.0,0.0,0.0,146.98128992375717,146.98128992375717,0.0,17.142857142857142,LOW
19.686,9,42.857142857142854,1,1,0,0,100.0,0.0,0.0,162.90141304807145,162.90141304807145,0.0,17.142857142857142,LOW
19.853,1,4.761904761904762,2,1,0,1,50.0,0.0,50.0,99.66058070115616,99.66058070115616,40.0,25.904761904761905,LOW
20.02,1,4.761904761904762,2,2,0,0,100.0,0.0,0.0,165.57572336138725,165.57572336138725,0.0,1.9047619047619049,LOW
20.187,2,9.523809523809524,3,2,0,1,66.66666666666666,0.0,33.33333333333333,128.30270338983038,83.40352261786818,26.666666666666664,19.809523809523807,LOW
25.692,1,4.761904761904762,1,0,0,1,0.0,0.0,100.0,0.0,0.0,80.0,49.904761904761905,MODERATE
25.859,2,9.523809523809524,1,1,0,0,100.0,0.0,0.0,79.04418432601173,79.04418432601173,0.0,3.8095238095238098,LOW
26.026,2,9.523809523809524,1,1,0,0,100.0,0.0,0.0,109.6397210994058,109.6397210994058,0.0,3.8095238095238098,LOW
26.193,2,9.523809523809524,1,1,0,0,100.0,0.0,0.0,129.57535933162993,129.57535933162993,0.0,3.8095238095238098,LOW
26.36,1,4.761904761904762,1,1,0,0,100.0,0.0,0.0,138.40627941708212,138.40627941708212,0.0,1.9047619047619049,LOW
26.527,1,4.761904761904762,1,1,0,0,100.0,0.0,0.0,176.03670174956838,176.03670174956838,0.0,1.9047619047619049,LOW
26.86,1,4.761904761904762,1,0,0,1,0.0,0.0,100.0,0.0,0.0,80.0,49.904761904761905,MODERATE
29.363,1,4.761904761904762,1,0,1,0,0.0,100.0,0.0,8.212067435515168,8.212067435515168,30.0,19.904761904761905,LOW
29.53,1,4.761904761904762,1,1,0,0,100.0,0.0,0.0,59.88023952095752,59.88023952095752,0.0,1.9047619047619049,LOW
29.696,1,4.761904761904762,1,1,0,0,100.0,0.0,0.0,57.22891566265047,57.22891566265047,0.0,1.9047619047619049,LOW
29.863,1,4.761904761904762,1,1,0,0,100.0,0.0,0.0,26.94610778443145,26.94610778443145,0.0,1.9047619047619049,LOW
30.197,1,4.761904761904762,1,0,0,1,0.0,0.0,100.0,0.0,0.0,80.0,49.904761904761905,MODERATE
30.364,1,4.761904761904762,2,1,0,1,50.0,0.0,50.0,32.96813704422909,32.96813704422909,40.0,25.904761904761905,LOW
30.53,2,9.523809523809524,2,2,0,0,100.0,0.0,0.0,233.4154757321342,233.4154757321342,0.0,3.8095238095238098,LOW
30.697,1,4.761904761904762,2,1,0,1,50.0,0.0,50.0,55.206853037682606,55.206853037682606,40.0,25.904761904761905,LOW
30.864,2,9.523809523809524,2,1,0,1,50.0,0.0,50.0,65.76611567810954,65.76611567810954,40.0,27.80952380952381,LOW
31.031,2,9.523809523809524,2,2,0,0,100.0,0.0,0.0,335.03328106849415,335.03328106849415,0.0,3.8095238095238098,LOW
31.198,1,4.761904761904762,1,1,0,0,100.0,0.0,0.0,401.9119567556809,401.9119567556809,0.0,1.9047619047619049,LOW
31.365,1,4.761904761904762,1,1,0,0,100.0,0.0,0.0,302.75072479276827,302.75072479276827,0.0,1.9047619047619049,LOW
31.532,1,4.761904761904762,1,1,0,0,100.0,0.0,0.0,236.29944338174195,236.29944338174195,0.0,1.9047619047619049,LOW
31.698,1,4.761904761904762,1,1,0,0,100.0,0.0,0.0,175.24323141914246,175.24323141914246,0.0,1.9047619047619049,LOW
32.199,0,0.0,1,0,0,1,0.0,0.0,100.0,0.0,0.0,80.0,48.0,MODERATE
32.366,0,0.0,1,1,0,0,100.0,0.0,0.0,90.06951470952802,90.06951470952802,0.0,0.0,LOW
32.532,12,57.14285714285714,1,1,0,0,100.0,0.0,0.0,101.02716765812497,101.02716765812497,0.0,22.857142857142858,LOW
32.699,11,52.38095238095239,1,1,0,0,100.0,0.0,0.0,99.16464168670085,99.16464168670085,0.0,20.952380952380956,LOW
32.866,9,42.857142857142854,1,1,0,0,100.0,0.0,0.0,78.07428030182739,78.07428030182739,0.0,17.142857142857142,LOW
33.033,11,52.38095238095239,1,1,0,0,100.0,0.0,0.0,72.35356870415842,72.35356870415842,0.0,20.952380952380956,LOW
33.2,11,52.38095238095239,1,1,0,0,100.0,0.0,0.0,58.133197122597046,58.133197122597046,0.0,20.952380952380956,LOW
33.367,10,47.61904761904761,1,1,0,0,100.0,0.0,0.0,52.28817124722622,52.28817124722622,0.0,19.047619047619047,LOW
33.534,12,57.14285714285714,1,1,0,0,100.0,0.0,0.0,78.36079238504357,78.36079238504357,0.0,22.857142857142858,LOW
33.7,10,47.61904761904761,1,1,0,0,100.0,0.0,0.0,54.30047101602265,54.30047101602265,0.0,19.047619047619047,LOW
34.868,13,61.904761904761905,1,0,0,1,0.0,0.0,100.0,0.0,0.0,80.0,72.76190476190476,HIGH
35.035,10,47.61904761904761,2,1,0,1,50.0,0.0,50.0,27.52212022582461,27.52212022582461,40.0,43.04761904761905,MODERATE
35.202,8,38.095238095238095,2,2,0,0,100.0,0.0,0.0,87.80912258876344,87.80912258876344,0.0,15.238095238095239,LOW
35.369,9,42.857142857142854,2,2,0,0,100.0,0.0,0.0,119.81916260583624,119.81916260583624,0.0,17.142857142857142,LOW
35.535,1,4.761904761904762,2,2,0,0,100.0,0.0,0.0,140.7418913989034,140.7418913989034,0.0,1.9047619047619049,LOW
35.702,8,38.095238095238095,2,2,0,0,100.0,0.0,0.0,166.77331783208396,166.77331783208396,0.0,15.238095238095239,LOW
35.869,9,42.857142857142854,2,2,0,0,100.0,0.0,0.0,202.41743155266096,202.41743155266096,0.0,17.142857142857142,LOW
36.036,9,42.857142857142854,2,2,0,0,100.0,0.0,0.0,265.58253779619497,265.58253779619497,0.0,17.142857142857142,LOW
36.203,10,47.61904761904761,1,1,0,0,100.0,0.0,0.0,218.89073923873133,218.89073923873133,0.0,19.047619047619047,LOW
40.874,10,47.61904761904761,1,0,0,1,0.0,0.0,100.0,0.0,0.0,80.0,67.04761904761905,HIGH
41.041,10,47.61904761904761,1,1,0,0,100.0,0.0,0.0,303.1058230183902,303.1058230183902,0.0,19.047619047619047,LOW
41.208,8,38.095238095238095,1,1,0,0,100.0,0.0,0.0,282.2005189927681,282.2005189927681,0.0,15.238095238095239,LOW
41.375,8,38.095238095238095,1,1,0,0,100.0,0.0,0.0,302.75072479276184,302.75072479276184,0.0,15.238095238095239,LOW
41.541,7,33.33333333333333,1,1,0,0,100.0,0.0,0.0,464.7932937580892,464.7932937580892,0.0,13.333333333333332,LOW
41.708,8,38.095238095238095,1,1,0,0,100.0,0.0,0.0,582.7873343915224,582.7873343915224,0.0,15.238095238095239,LOW
41.875,9,42.857142857142854,1,1,0,0,100.0,0.0,0.0,512.9643435942963,512.9643435942963,0.0,17.142857142857142,LOW
42.042,5,23.809523809523807,1,1,0,0,100.0,0.0,0.0,399.4510198840182,399.4510198840182,0.0,9.523809523809524,LOW
42.209,9,42.857142857142854,1,1,0,0,100.0,0.0,0.0,297.5089907135221,297.5089907135221,0.0,17.142857142857142,LOW
42.376,7,33.33333333333333,1,1,0,0,100.0,0.0,0.0,235.69169585651255,235.69169585651255,0.0,13.333333333333332,LOW
42.543,7,33.33333333333333,1,1,0,0,100.0,0.0,0.0,170.42214935039007,170.42214935039007,0.0,13.333333333333332,LOW
42.709,5,23.809523809523807,1,1,0,0,100.0,0.0,0.0,177.3275425245142,177.3275425245142,0.0,9.523809523809524,LOW
42.876,7,33.33333333333333,1,1,0,0,100.0,0.0,0.0,144.86192099884244,144.86192099884244,0.0,13.333333333333332,LOW
43.043,6,28.57142857142857,1,1,0,0,100.0,0.0,0.0,105.1320351262232,105.1320351262232,0.0,11.428571428571429,LOW
43.21,6,28.57142857142857,1,1,0,0,100.0,0.0,0.0,98.48433654729564,98.48433654729564,0.0,11.428571428571429,LOW
43.377,7,33.33333333333333,1,1,0,0,100.0,0.0,0.0,91.20686354327948,91.20686354327948,0.0,13.333333333333332,LOW
43.544,11,52.38095238095239,1,1,0,0,100.0,0.0,0.0,81.77545080088692,81.77545080088692,0.0,20.952380952380956,LOW
43.71,10,47.61904761904761,1,1,0,0,100.0,0.0,0.0,78.13928777754542,78.13928777754542,0.0,19.047619047619047,LOW
43.877,1,4.761904761904762,2,1,0,1,50.0,0.0,50.0,33.23892711253639,33.23892711253639,40.0,25.904761904761905,LOW
44.044,1,4.761904761904762,2,2,0,0,100.0,0.0,0.0,52.74667389449184,52.74667389449184,0.0,1.9047619047619049,LOW
44.211,1,4.761904761904762,1,1,0,0,100.0,0.0,0.0,58.133197122597046,58.133197122597046,0.0,1.9047619047619049,LOW
47.381,1,4.761904761904762,1,0,0,1,0.0,0.0,100.0,0.0,0.0,80.0,49.904761904761905,MODERATE
47.547,1,4.761904761904762,1,1,0,0,100.0,0.0,0.0,66.87832322643055,66.87832322643055,0.0,1.9047619047619049,LOW
48.048,1,4.761904761904762,1,0,0,1,0.0,0.0,100.0,0.0,0.0,80.0,49.904761904761905,MODERATE
48.215,1,4.761904761904762,1,0,1,0,0.0,100.0,0.0,6.694814303891523,6.694814303891523,30.0,19.904761904761905,LOW
51.218,1,4.761904761904762,1,0,0,1,0.0,0.0,100.0,0.0,0.0,80.0,49.904761904761905,MODERATE
51.718,1,4.761904761904762,1,0,0,1,0.0,0.0,100.0,0.0,0.0,80.0,49.904761904761905,MODERATE
51.885,1,4.761904761904762,1,1,0,0,100.0,0.0,0.0,67.2820510606137,67.2820510606137,0.0,1.9047619047619049,LOW
52.052,1,4.761904761904762,1,1,0,0,100.0,0.0,0.0,64.77038219396327,64.77038219396327,0.0,1.9047619047619049,LOW
52.219,2,9.523809523809524,1,1,0,0,100.0,0.0,0.0,41.59414368098704,41.59414368098704,0.0,3.8095238095238098,LOW
54.555,2,9.523809523809524,1,0,0,1,0.0,0.0,100.0,0.0,0.0,80.0,51.80952380952381,MODERATE
54.721,3,14.285714285714285,2,2,0,0,100.0,0.0,0.0,54.33971354533908,54.33971354533908,0.0,5.714285714285714,LOW
54.888,9,42.857142857142854,1,1,0,0,100.0,0.0,0.0,22.801715885819867,22.801715885819867,0.0,17.142857142857142,LOW
55.556,16,76.19047619047619,1,0,0,1,0.0,0.0,100.0,0.0,0.0,80.0,78.47619047619048,SEVERE
56.223,12,57.14285714285714,2,1,0,1,50.0,0.0,50.0,17.18496604412821,17.18496604412821,40.0,46.85714285714286,MODERATE
56.89,9,42.857142857142854,1,0,1,0,0.0,100.0,0.0,3.373313343328328,3.373313343328328,30.0,35.14285714285714,MODERATE
58.725,0,0.0,1,1,0,0,100.0,0.0,0.0,14.766501985404874,14.766501985404874,0.0,0.0,LOW
58.892,0,0.0,1,1,0,0,100.0,0.0,0.0,102.19190518488531,102.19190518488531,0.0,0.0,LOW
61.228,0,0.0,1,0,1,0,0.0,100.0,0.0,6.016774152207554,6.016774152207554,30.0,18.0,LOW
63.897,8,38.095238095238095,1,0,0,1,0.0,0.0,100.0,0.0,0.0,80.0,63.23809523809524,HIGH
64.064,9,42.857142857142854,1,1,0,0,100.0,0.0,0.0,47.33948593066592,47.33948593066592,0.0,17.142857142857142,LOW
64.231,10,47.61904761904761,1,1,0,0,100.0,0.0,0.0,52.96947908070049,52.96947908070049,0.0,19.047619047619047,LOW
64.398,9,42.857142857142854,1,1,0,0,100.0,0.0,0.0,52.37381941477764,52.37381941477764,0.0,17.142857142857142,LOW
64.564,9,42.857142857142854,1,1,0,0,100.0,0.0,0.0,59.40687627504939,59.40687627504939,0.0,17.142857142857142,LOW
64.731,8,38.095238095238095,1,1,0,0,100.0,0.0,0.0,75.56544589295714,75.56544589295714,0.0,15.238095238095239,LOW
67.901,9,42.857142857142854,1,0,0,1,0.0,0.0,100.0,0.0,0.0,80.0,65.14285714285714,HIGH
68.068,10,47.61904761904761,1,1,0,0,100.0,0.0,0.0,64.49299170220901,64.49299170220901,0.0,19.047619047619047,LOW
68.235,8,38.095238095238095,1,1,0,0,100.0,0.0,0.0,76.33262744899305,76.33262744899305,0.0,15.238095238095239,LOW
68.402,8,38.095238095238095,1,1,0,0,100.0,0.0,0.0,99.52556969218266,99.52556969218266,0.0,15.238095238095239,LOW
68.569,7,33.33333333333333,1,1,0,0,100.0,0.0,0.0,82.81027955652215,82.81027955652215,0.0,13.333333333333332,LOW
68.735,8,38.095238095238095,1,1,0,0,100.0,0.0,0.0,110.58770934148296,110.58770934148296,0.0,15.238095238095239,LOW
68.902,8,38.095238095238095,1,1,0,0,100.0,0.0,0.0,121.87504453321812,121.87504453321812,0.0,15.238095238095239,LOW
69.069,7,33.33333333333333,1,1,0,0,100.0,0.0,0.0,139.3100613668471,139.3100613668471,0.0,13.333333333333332,LOW
69.236,6,28.57142857142857,1,1,0,0,100.0,0.0,0.0,162.03663626029558,162.03663626029558,0.0,11.428571428571429,LOW
73.74,9,42.857142857142854,1,0,0,1,0.0,0.0,100.0,0.0,0.0,80.0,65.14285714285714,HIGH
74.241,8,38.095238095238095,1,0,0,1,0.0,0.0,100.0,0.0,0.0,80.0,63.23809523809524,HIGH
76.076,0,0.0,1,0,0,1,0.0,0.0,100.0,0.0,0.0,80.0,48.0,MODERATE
76.41,0,0.0,1,0,0,1,0.0,0.0,100.0,0.0,0.0,80.0,48.0,MODERATE
76.576,0,0.0,1,1,0,0,100.0,0.0,0.0,79.52035411111048,79.52035411111048,0.0,0.0,LOW
76.743,0,0.0,1,1,0,0,100.0,0.0,0.0,84.7363574735615,84.7363574735615,0.0,0.0,LOW
76.91,0,0.0,1,1,0,0,100.0,0.0,0.0,127.06045014324997,127.06045014324997,0.0,0.0,LOW
77.077,0,0.0,1,1,0,0,100.0,0.0,0.0,142.23920383496514,142.23920383496514,0.0,0.0,LOW
77.244,0,0.0,1,1,0,0,100.0,0.0,0.0,167.90508853664454,167.90508853664454,0.0,0.0,LOW
77.744,0,0.0,1,0,0,1,0.0,0.0,100.0,0.0,0.0,80.0,48.0,MODERATE
78.412,1,4.761904761904762,1,0,0,1,0.0,0.0,100.0,0.0,0.0,80.0,49.904761904761905,MODERATE
82.416,1,4.761904761904762,1,0,0,1,0.0,0.0,100.0,0.0,0.0,80.0,49.904761904761905,MODERATE
82.582,1,4.761904761904762,1,1,0,0,100.0,0.0,0.0,50.13047282257096,50.13047282257096,0.0,1.9047619047619049,LOW
87.921,1,4.761904761904762,1,0,0,1,0.0,0.0,100.0,0.0,0.0,80.0,49.904761904761905,MODERATE
88.088,1,4.761904761904762,1,1,0,0,100.0,0.0,0.0,89.31996341423608,89.31996341423608,0.0,1.9047619047619049,LOW
88.255,1,4.761904761904762,1,1,0,0,100.0,0.0,0.0,94.01388304255948,94.01388304255948,0.0,1.9047619047619049,LOW
88.422,11,52.38095238095239,2,1,0,1,50.0,0.0,50.0,37.51486253335793,37.51486253335793,40.0,44.952380952380956,MODERATE
88.588,1,4.761904761904762,2,2,0,0,100.0,0.0,0.0,48.55043619584335,48.55043619584335,0.0,1.9047619047619049,LOW
88.755,10,47.61904761904761,2,2,0,0,100.0,0.0,0.0,59.89236096697454,59.89236096697454,0.0,19.047619047619047,LOW
88.922,0,0.0,2,2,0,0,100.0,0.0,0.0,59.628695351162136,59.628695351162136,0.0,0.0,LOW
89.089,0,0.0,2,2,0,0,100.0,0.0,0.0,80.15716255824009,80.15716255824009,0.0,0.0,LOW
89.256,0,0.0,3,2,0,1,66.66666666666666,0.0,33.33333333333333,42.17774608860108,37.51486253335793,26.666666666666664,15.999999999999998,LOW
89.423,0,0.0,3,3,0,0,100.0,0.0,0.0,85.89212745008115,107.95063698993876,0.0,0.0,LOW
89.59,0,0.0,2,2,0,0,100.0,0.0,0.0,111.1060993530656,111.1060993530656,0.0,0.0,LOW
89.756,0,0.0,4,2,0,2,50.0,0.0,50.0,57.84614068398048,40.662650602410416,40.0,24.0,LOW
89.923,0,0.0,4,4,0,0,100.0,0.0,0.0,111.6721553914074,96.79436133514676,0.0,0.0,LOW
90.09,0,0.0,4,4,0,0,100.0,0.0,0.0,120.30909656891528,92.8385102373369,0.0,0.0,LOW
90.257,0,0.0,3,3,0,0,100.0,0.0,0.0,94.00544887718002,106.19250210160496,0.0,0.0,LOW
90.424,0,0.0,3,3,0,0,100.0,0.0,0.0,109.25278167395442,121.24824390009816,0.0,0.0,LOW
90.591,0,0.0,1,1,0,0,100.0,0.0,0.0,155.25619356245693,155.25619356245693,0.0,0.0,LOW
90.757,8,38.095238095238095,1,1,0,0,100.0,0.0,0.0,192.86518787447056,192.86518787447056,0.0,15.238095238095239,LOW
90.924,0,0.0,1,1,0,0,100.0,0.0,0.0,50.53426981507538,50.53426981507538,0.0,0.0,LOW
91.091,1,4.761904761904762,1,1,0,0,100.0,0.0,0.0,248.1420074849705,248.1420074849705,0.0,1.9047619047619049,LOW
92.426,1,4.761904761904762,1,0,0,1,0.0,0.0,100.0,0.0,0.0,80.0,49.904761904761905,MODERATE
92.593,1,4.761904761904762,1,1,0,0,100.0,0.0,0.0,195.18570075456844,195.18570075456844,0.0,1.9047619047619049,LOW
95.429,1,4.761904761904762,1,0,0,1,0.0,0.0,100.0,0.0,0.0,80.0,49.904761904761905,MODERATE
96.43,0,0.0,2,0,1,1,0.0,50.0,50.0,2.9232517259539383,2.9232517259539383,55.0,33.0,MODERATE
96.597,1,4.761904761904762,1,1,0,0,100.0,0.0,0.0,38.342061301996,38.342061301996,0.0,1.9047619047619049,LOW
97.097,2,9.523809523809524,1,0,0,1,0.0,0.0,100.0,0.0,0.0,80.0,51.80952380952381,MODERATE
97.264,2,9.523809523809524,1,1,0,0,100.0,0.0,0.0,81.44593119003183,81.44593119003183,0.0,3.8095238095238098,LOW
97.431,2,9.523809523809524,1,1,0,0,100.0,0.0,0.0,97.75345938511587,97.75345938511587,0.0,3.8095238095238098,LOW
97.597,2,9.523809523809524,1,1,0,0,100.0,0.0,0.0,105.42168674698998,105.42168674698998,0.0,3.8095238095238098,LOW
97.764,2,9.523809523809524,1,1,0,0,100.0,0.0,0.0,129.57535933162993,129.57535933162993,0.0,3.8095238095238098,LOW
97.931,1,4.761904761904762,2,2,0,0,100.0,0.0,0.0,79.98801700448499,79.98801700448499,0.0,1.9047619047619049,LOW
98.098,1,4.761904761904762,2,2,0,0,100.0,0.0,0.0,116.01690498240484,116.01690498240484,0.0,1.9047619047619049,LOW
98.265,1,4.761904761904762,2,1,0,1,50.0,0.0,50.0,113.86105910063614,113.86105910063614,40.0,25.904761904761905,LOW
98.432,1,4.761904761904762,2,1,0,1,50.0,0.0,50.0,53.91300330948783,53.91300330948783,40.0,25.904761904761905,LOW
98.599,14,66.66666666666666,1,1,0,0,100.0,0.0,0.0,95.9953265980913,95.9953265980913,0.0,26.666666666666664,LOW
98.765,16,76.19047619047619,1,1,0,0,100.0,0.0,0.0,111.44578313253226,111.44578313253226,0.0,30.476190476190478,MODERATE
98.932,1,4.761904761904762,1,1,0,0,100.0,0.0,0.0,107.82600661897564,107.82600661897564,0.0,1.9047619047619049,LOW
99.099,1,4.761904761904762,1,1,0,0,100.0,0.0,0.0,87.28969902462941,87.28969902462941,0.0,1.9047619047619049,LOW
99.766,1,4.761904761904762,2,0,0,2,0.0,0.0,100.0,0.0,0.0,80.0,49.904761904761905,MODERATE
99.933,1,4.761904761904762,1,1,0,0,100.0,0.0,0.0,128.77732435692434,128.77732435692434,0.0,1.9047619047619049,LOW
100.1,1,4.761904761904762,1,1,0,0,100.0,0.0,0.0,146.73713478854816,146.73713478854816,0.0,1.9047619047619049,LOW
100.267,1,4.761904761904762,1,1,0,0,100.0,0.0,0.0,140.71856287425015,140.71856287425015,0.0,1.9047619047619049,LOW
100.434,1,4.761904761904762,1,1,0,0,100.0,0.0,0.0,125.7841409437114,125.7841409437114,0.0,1.9047619047619049,LOW
100.6,1,4.761904761904762,1,1,0,0,100.0,0.0,0.0,132.56434388352898,132.56434388352898,0.0,1.9047619047619049,LOW
100.767,1,4.761904761904762,1,1,0,0,100.0,0.0,0.0,113.77245508981927,113.77245508981927,0.0,1.9047619047619049,LOW
100.934,1,4.761904761904762,1,1,0,0,100.0,0.0,0.0,104.8331820359966,104.8331820359966,0.0,1.9047619047619049,LOW
101.101,9,42.857142857142854,1,1,0,0,100.0,0.0,0.0,72.4154887571719,72.4154887571719,0.0,17.142857142857142,LOW
101.268,0,0.0,2,1,1,0,50.0,50.0,0.0,51.47281925361758,51.47281925361758,15.0,9.0,LOW
101.435,0,0.0,2,2,0,0,100.0,0.0,0.0,65.13784333390848,65.13784333390848,0.0,0.0,LOW
101.602,0,0.0,2,2,0,0,100.0,0.0,0.0,66.05480808008636,66.05480808008636,0.0,0.0,LOW
101.768,0,0.0,1,1,0,0,100.0,0.0,0.0,60.31621805572642,60.31621805572642,0.0,0.0,LOW
101.935,0,0.0,1,1,0,0,100.0,0.0,0.0,56.964962845629536,56.964962845629536,0.0,0.0,LOW
103.77,1,4.761904761904762,1,0,0,1,0.0,0.0,100.0,0.0,0.0,80.0,49.904761904761905,MODERATE
103.937,2,9.523809523809524,1,1,0,0,100.0,0.0,0.0,85.63083620404164,85.63083620404164,0.0,3.8095238095238098,LOW
104.104,2,9.523809523809524,2,1,0,1,50.0,0.0,50.0,49.42387430903898,49.42387430903898,40.0,27.80952380952381,LOW
104.271,2,9.523809523809524,2,2,0,0,100.0,0.0,0.0,89.33286755946139,89.33286755946139,0.0,3.8095238095238098,LOW
104.438,2,9.523809523809524,2,2,0,0,100.0,0.0,0.0,111.826215692347,111.826215692347,0.0,3.8095238095238098,LOW
104.605,2,9.523809523809524,2,2,0,0,100.0,0.0,0.0,132.03644283058983,132.03644283058983,0.0,3.8095238095238098,LOW
104.771,2,9.523809523809524,2,2,0,0,100.0,0.0,0.0,138.9775043277356,138.9775043277356,0.0,3.8095238095238098,LOW
104.938,2,9.523809523809524,2,2,0,0,100.0,0.0,0.0,175.65036647272558,175.65036647272558,0.0,3.8095238095238098,LOW
105.272,1,4.761904761904762,1,1,0,0,100.0,0.0,0.0,107.1379481142678,107.1379481142678,0.0,1.9047619047619049,LOW
105.772,12,57.14285714285714,1,0,0,1,0.0,0.0,100.0,0.0,0.0,80.0,70.85714285714286,HIGH
107.107,10,47.61904761904761,1,0,0,1,0.0,0.0,100.0,0.0,0.0,80.0,67.04761904761905,HIGH
107.274,11,52.38095238095239,1,1,0,0,100.0,0.0,0.0,80.8937490185998,80.8937490185998,0.0,20.952380952380956,LOW
107.441,3,14.285714285714285,2,1,0,1,50.0,0.0,50.0,41.62107417502309,41.62107417502309,40.0,29.714285714285715,LOW
107.608,4,19.047619047619047,1,1,0,0,100.0,0.0,0.0,72.10535675923461,72.10535675923461,0.0,7.6190476190476195,LOW
107.774,1,4.761904761904762,1,1,0,0,100.0,0.0,0.0,70.5745452642181,70.5745452642181,0.0,1.9047619047619049,LOW
107.941,2,9.523809523809524,1,1,0,0,100.0,0.0,0.0,50.81006810921251,50.81006810921251,0.0,3.8095238095238098,LOW
108.108,3,14.285714285714285,1,1,0,0,100.0,0.0,0.0,44.91017964071813,44.91017964071813,0.0,5.714285714285714,LOW
108.275,6,28.57142857142857,1,1,0,0,100.0,0.0,0.0,38.34206130199274,38.34206130199274,0.0,11.428571428571429,LOW
108.442,5,23.809523809523807,1,1,0,0,100.0,0.0,0.0,48.73898382066149,48.73898382066149,0.0,9.523809523809524,LOW
108.609,0,0.0,2,1,0,1,50.0,0.0,50.0,24.552723752779297,24.552723752779297,40.0,24.0,LOW
108.775,5,23.809523809523807,2,2,0,0,100.0,0.0,0.0,73.27522262427006,73.27522262427006,0.0,9.523809523809524,LOW
108.942,5,23.809523809523807,1,1,0,0,100.0,0.0,0.0,137.62688544385716,137.62688544385716,0.0,9.523809523809524,LOW
109.109,0,0.0,1,1,0,0,100.0,0.0,0.0,176.03670174956838,176.03670174956838,0.0,0.0,LOW
109.276,0,0.0,1,1,0,0,100.0,0.0,0.0,212.38500420320997,212.38500420320997,0.0,0.0,LOW
110.277,0,0.0,1,1,0,0,100.0,0.0,0.0,95.42943643627729,95.42943643627729,0.0,0.0,LOW
110.777,0,0.0,1,0,0,1,0.0,0.0,100.0,0.0,0.0,80.0,48.0,MODERATE
110.944,7,33.33333333333333,1,1,0,0,100.0,0.0,0.0,70.08802341748212,70.08802341748212,0.0,13.333333333333332,LOW
112.112,7,33.33333333333333,1,0,0,1,0.0,0.0,100.0,0.0,0.0,80.0,61.33333333333333,HIGH
113.113,5,23.809523809523807,1,0,0,1,0.0,0.0,100.0,0.0,0.0,80.0,57.523809523809526,HIGH
113.28,6,28.57142857142857,1,1,0,0,100.0,0.0,0.0,15.26652548979861,15.26652548979861,0.0,11.428571428571429,LOW
113.447,0,0.0,1,1,0,0,100.0,0.0,0.0,17.964071856287255,17.964071856287255,0.0,0.0,LOW
113.78,0,0.0,1,0,0,1,0.0,0.0,100.0,0.0,0.0,80.0,48.0,MODERATE
117.618,0,0.0,1,0,0,1,0.0,0.0,100.0,1.4091524005200606,1.4091524005200606,80.0,48.0,MODERATE
118.618,0,0.0,1,0,0,1,0.0,0.0,100.0,1.5811388300841898,1.5811388300841898,80.0,48.0,MODERATE
121.955,0,0.0,2,0,0,2,0.0,0.0,100.0,0.8768879165957157,0.8768879165957157,80.0,48.0,MODERATE
122.122,0,0.0,1,1,0,0,100.0,0.0,0.0,50.1887862701798,50.1887862701798,0.0,0.0,LOW
124.458,1,4.761904761904762,1,0,0,1,0.0,0.0,100.0,0.0,0.0,80.0,49.904761904761905,MODERATE
124.624,1,4.761904761904762,1,1,0,0,100.0,0.0,0.0,91.80572683209918,91.80572683209918,0.0,1.9047619047619049,LOW
124.791,1,4.761904761904762,1,1,0,0,100.0,0.0,0.0,100.06452076088767,100.06452076088767,0.0,1.9047619047619049,LOW
124.958,1,4.761904761904762,1,1,0,0,100.0,0.0,0.0,79.1008671474418,79.1008671474418,0.0,1.9047619047619049,LOW
125.125,1,4.761904761904762,1,1,0,0,100.0,0.0,0.0,63.65356774092544,63.65356774092544,0.0,1.9047619047619049,LOW
125.292,1,4.761904761904762,1,1,0,0,100.0,0.0,0.0,59.27841279408126,59.27841279408126,0.0,1.9047619047619049,LOW
125.459,1,4.761904761904762,1,1,0,0,100.0,0.0,0.0,49.105447505558594,49.105447505558594,0.0,1.9047619047619049,LOW
125.792,1,4.761904761904762,1,0,0,1,0.0,0.0,100.0,0.9486721252645964,0.9486721252645964,80.0,49.904761904761905,MODERATE
128.462,1,4.761904761904762,1,0,0,1,0.0,0.0,100.0,0.0,0.0,80.0,49.904761904761905,MODERATE
128.629,1,4.761904761904762,1,1,0,0,100.0,0.0,0.0,237.453653399978,237.453653399978,0.0,1.9047619047619049,LOW
129.129,1,4.761904761904762,1,0,0,1,0.0,0.0,100.0,0.0,0.0,80.0,49.904761904761905,MODERATE
129.296,1,4.761904761904762,1,1,0,0,100.0,0.0,0.0,380.2866678300479,380.2866678300479,0.0,1.9047619047619049,LOW
129.463,1,4.761904761904762,1,1,0,0,100.0,0.0,0.0,371.16089143261286,371.16089143261286,0.0,1.9047619047619049,LOW
129.63,1,4.761904761904762,1,1,0,0,100.0,0.0,0.0,299.19154336177854,299.19154336177854,0.0,1.9047619047619049,LOW
129.796,1,4.761904761904762,1,1,0,0,100.0,0.0,0.0,261.0943726839729,261.0943726839729,0.0,1.9047619047619049,LOW
129.963,1,4.761904761904762,1,1,0,0,100.0,0.0,0.0,214.10849315905332,214.10849315905332,0.0,1.9047619047619049,LOW
130.13,1,4.761904761904762,1,1,0,0,100.0,0.0,0.0,191.28901610734292,191.28901610734292,0.0,1.9047619047619049,LOW
130.297,1,4.761904761904762,2,1,0,1,50.0,0.0,50.0,77.16481418478892,77.16481418478892,40.0,25.904761904761905,LOW
130.464,2,9.523809523809524,2,1,0,1,50.0,0.0,50.0,75.34736837030736,75.34736837030736,40.0,27.80952380952381,LOW
130.631,2,9.523809523809524,1,1,0,0,100.0,0.0,0.0,117.41719491693048,117.41719491693048,0.0,3.8095238095238098,LOW
130.797,1,4.761904761904762,1,1,0,0,100.0,0.0,0.0,132.56434388352898,132.56434388352898,0.0,1.9047619047619049,LOW
131.131,10,47.61904761904761,1,0,1,0,0.0,100.0,0.0,2.9976019184652163,2.9976019184652163,30.0,37.04761904761905,MODERATE
131.298,12,57.14285714285714,1,1,0,0,100.0,0.0,0.0,37.03388286482893,37.03388286482893,0.0,22.857142857142858,LOW
132.799,11,52.38095238095239,1,0,0,1,0.0,0.0,100.0,0.0,0.0,80.0,68.95238095238096,HIGH
132.966,10,47.61904761904761,1,1,0,0,100.0,0.0,0.0,36.54657369980116,36.54657369980116,0.0,19.047619047619047,LOW
133.467,11,52.38095238095239,2,0,0,2,0.0,0.0,100.0,0.0,0.0,80.0,68.95238095238096,HIGH
133.633,11,52.38095238095239,1,1,0,0,100.0,0.0,0.0,66.05937409476425,66.05937409476425,0.0,20.952380952380956,LOW
133.8,10,47.61904761904761,1,1,0,0,100.0,0.0,0.0,94.67897186132782,94.67897186132782,0.0,19.047619047619047,LOW
133.967,10,47.61904761904761,1,1,0,0,100.0,0.0,0.0,104.79041916167564,104.79041916167564,0.0,19.047619047619047,LOW
134.134,11,52.38095238095239,1,1,0,0,100.0,0.0,0.0,114.6358665813157,114.6358665813157,0.0,20.952380952380956,LOW
134.301,16,76.19047619047619,2,1,1,0,50.0,50.0,0.0,76.09550693456178,76.09550693456178,15.0,39.47619047619048,MODERATE
134.468,13,61.904761904761905,1,1,0,0,100.0,0.0,0.0,177.2546121630604,177.2546121630604,0.0,24.761904761904763,LOW
134.635,13,61.904761904761905,2,2,0,0,100.0,0.0,0.0,121.29608000051547,121.29608000051547,0.0,24.761904761904763,LOW
134.801,12,57.14285714285714,1,1,0,0,100.0,0.0,0.0,48.286805849041286,48.286805849041286,0.0,22.857142857142858,LOW
136.637,16,76.19047619047619,1,0,1,0,0.0,100.0,0.0,2.7772437437869004,2.7772437437869004,30.0,48.47619047619048,MODERATE
136.803,17,80.95238095238095,1,1,0,0,100.0,0.0,0.0,90.41163264942122,90.41163264942122,0.0,32.38095238095238,MODERATE
137.137,14,66.66666666666666,1,0,0,1,0.0,0.0,100.0,0.0,0.0,80.0,74.66666666666666,HIGH
137.304,14,66.66666666666666,1,1,0,0,100.0,0.0,0.0,50.898203592813886,50.898203592813886,0.0,26.666666666666664,LOW
138.472,18,85.71428571428571,1,0,0,1,0.0,0.0,100.0,0.0,0.0,80.0,82.28571428571428,SEVERE
138.638,1,4.761904761904762,1,1,0,0,100.0,0.0,0.0,109.92944331864464,109.92944331864464,0.0,1.9047619047619049,LOW
138.805,1,4.761904761904762,1,1,0,0,100.0,0.0,0.0,159.1339193523136,159.1339193523136,0.0,1.9047619047619049,LOW
138.972,0,0.0,1,1,0,0,100.0,0.0,0.0,174.21959911348523,174.21959911348523,0.0,0.0,LOW
139.139,0,0.0,1,1,0,0,100.0,0.0,0.0,192.38711169361903,192.38711169361903,0.0,0.0,LOW
139.306,1,4.761904761904762,1,1,0,0,100.0,0.0,0.0,216.833449802392,216.833449802392,0.0,1.9047619047619049,LOW
139.473,1,4.761904761904762,1,1,0,0,100.0,0.0,0.0,258.6140128542724,258.6140128542724,0.0,1.9047619047619049,LOW
139.639,12,57.14285714285714,1,1,0,0,100.0,0.0,0.0,290.5494816832991,290.5494816832991,0.0,22.857142857142858,LOW
139.806,11,52.38095238095239,1,1,0,0,100.0,0.0,0.0,372.08956398014055,372.08956398014055,0.0,20.952380952380956,LOW
139.973,12,57.14285714285714,1,1,0,0,100.0,0.0,0.0,445.947003136753,445.947003136753,0.0,22.857142857142858,LOW
140.14,11,52.38095238095239,1,1,0,0,100.0,0.0,0.0,385.7049800045629,385.7049800045629,0.0,20.952380952380956,LOW
140.307,11,52.38095238095239,1,1,0,0,100.0,0.0,0.0,242.3855646468132,242.3855646468132,0.0,20.952380952380956,LOW
140.474,10,47.61904761904761,1,1,0,0,100.0,0.0,0.0,156.29201360644387,156.29201360644387,0.0,19.047619047619047,LOW
140.641,12,57.14285714285714,1,1,0,0,100.0,0.0,0.0,205.3682711334413,205.3682711334413,0.0,22.857142857142858,LOW
141.975,12,57.14285714285714,1,0,0,1,0.0,0.0,100.0,0.0,0.0,80.0,70.85714285714286,HIGH
142.142,12,57.14285714285714,1,0,0,1,0.0,0.0,100.0,0.0,0.0,80.0,70.85714285714286,HIGH
143.31,13,61.904761904761905,1,0,0,1,0.0,0.0,100.0,0.0,0.0,80.0,72.76190476190476,HIGH
143.477,11,52.38095238095239,1,1,0,0,100.0,0.0,0.0,32.38519109698164,32.38519109698164,0.0,20.952380952380956,LOW
143.643,10,47.61904761904761,1,1,0,0,100.0,0.0,0.0,56.83121163889629,56.83121163889629,0.0,19.047619047619047,LOW
143.81,9,42.857142857142854,2,1,1,0,50.0,50.0,0.0,37.215439321740526,37.215439321740526,15.0,26.142857142857142,LOW
143.977,12,57.14285714285714,1,1,0,0,100.0,0.0,0.0,73.94664092951108,73.94664092951108,0.0,22.857142857142858,LOW
144.144,13,61.904761904761905,1,1,0,0,100.0,0.0,0.0,76.50857688132045,76.50857688132045,0.0,24.761904761904763,LOW
144.311,8,38.095238095238095,1,1,0,0,100.0,0.0,0.0,88.86719808177058,88.86719808177058,0.0,15.238095238095239,LOW
144.478,10,47.61904761904761,1,1,0,0,100.0,0.0,0.0,107.95063698993876,107.95063698993876,0.0,19.047619047619047,LOW
144.644,1,4.761904761904762,2,2,0,0,100.0,0.0,0.0,70.88518148524973,70.88518148524973,0.0,1.9047619047619049,LOW
144.811,15,71.42857142857143,2,2,0,0,100.0,0.0,0.0,104.29596367413764,104.29596367413764,0.0,28.571428571428573,LOW
144.978,11,52.38095238095239,1,0,0,1,0.0,0.0,100.0,0.0,0.0,80.0,68.95238095238096,HIGH
145.812,1,4.761904761904762,1,0,0,1,0.0,0.0,100.0,0.0,0.0,80.0,49.904761904761905,MODERATE
145.979,1,4.761904761904762,1,0,1,0,0.0,100.0,0.0,7.802447228677939,7.802447228677939,30.0,19.904761904761905,LOW
146.146,1,4.761904761904762,2,1,0,1,50.0,0.0,50.0,26.18690970739328,26.18690970739328,40.0,25.904761904761905,LOW
146.48,1,4.761904761904762,2,0,1,1,0.0,50.0,50.0,3.3258842587140127,3.3258842587140127,55.0,34.904761904761905,MODERATE
149.149,0,0.0,1,0,0,1,0.0,0.0,100.0,0.0,0.0,80.0,48.0,MODERATE
149.316,0,0.0,1,1,0,0,100.0,0.0,0.0,52.96947908070049,52.96947908070049,0.0,0.0,LOW
149.483,0,0.0,1,1,0,0,100.0,0.0,0.0,55.044240451646886,55.044240451646886,0.0,0.0,LOW
149.649,0,0.0,2,1,0,1,50.0,0.0,50.0,28.929778181173063,28.929778181173063,40.0,24.0,LOW
149.816,0,0.0,2,2,0,0,100.0,0.0,0.0,74.59806376138872,74.59806376138872,0.0,0.0,LOW
149.983,0,0.0,2,2,0,0,100.0,0.0,0.0,93.42699990371108,93.42699990371108,0.0,0.0,LOW
150.15,0,0.0,2,2,0,0,100.0,0.0,0.0,100.7010309959773,100.7010309959773,0.0,0.0,LOW
150.317,0,0.0,2,2,0,0,100.0,0.0,0.0,112.59438656264528,112.59438656264528,0.0,0.0,LOW
