zone_id,week,zone_type,population_density,vehicle_density,congestion,average_speed,congestion_trend_4w,actual_incident,predicted_risk_probability,model_name,risk_score,population_exposure_score,vehicle_exposure_score,temporal_trend_score,priority_score,priority_rank,priority_level,location_name,city,latitude,longitude
Zone_01,47,Commercial_Downtown,8726,51.47,48.39,50.76,-0.848,0,0.6358,Random Forest Classifier,63.580000000000005,52.913284000287376,60.41788942364127,50.25431954960201,58.282046817240406,54,HIGH,Andheri,Mumbai,19.1197,72.8468
Zone_01,48,Commercial_Downtown,8726,50.45,47.1,53.43,-0.308,1,0.7113,Random Forest Classifier,71.13000000000001,52.913284000287376,59.220565794107294,52.35099980586294,61.37708412977275,50,HIGH,Andheri,Mumbai,19.1197,72.8468
Zone_01,49,Commercial_Downtown,8726,53.76,50.58,47.88,-1.363,0,0.6328,Random Forest Classifier,63.28,52.913284000287376,63.10599835661462,48.25470782372355,58.3997268449533,52,HIGH,Andheri,Mumbai,19.1197,72.8468
Zone_01,50,Commercial_Downtown,8726,47.04,40.88,50.09,-1.266,0,0.6619,Random Forest Classifier,66.19,52.913284000287376,55.21774856203779,48.63133372160745,58.04257077072052,55,HIGH,Andheri,Mumbai,19.1197,72.8468
Zone_01,51,Commercial_Downtown,8726,43.82,39.49,51.05,-1.905,0,0.5904,Random Forest Classifier,59.040000000000006,52.913284000287376,51.4379622021364,46.15026208503203,54.05445275325393,66,MODERATE,Andheri,Mumbai,19.1197,72.8468
Zone_01,52,Commercial_Downtown,8726,45.39,60.3,40.72,-3.253,1,0.8406,Random Forest Classifier,84.06,52.913284000287376,53.28090151426223,40.91632692681033,63.64595034194584,42,HIGH,Andheri,Mumbai,19.1197,72.8468
Zone_02,47,Residential,12426,41.47,22.89,62.35,0.873,0,0.2708,Random Forest Classifier,27.08,79.49565342337812,48.67942246742575,56.93651718112987,48.982275426499164,92,MODERATE,Bandra,Mumbai,19.0596,72.8295
Zone_02,48,Residential,12426,47.02,26.42,57.43,0.755,0,0.3235,Random Forest Classifier,32.35,79.49565342337812,55.19427162812537,56.478353717724715,52.32452073912832,74,MODERATE,Bandra,Mumbai,19.0596,72.8295
Zone_02,49,Residential,12426,45.84,24.26,59.52,2.147,0,0.2753,Random Forest Classifier,27.529999999999998,79.49565342337812,53.809132527291936,61.88312948941953,50.93020928471584,79,MODERATE,Bandra,Mumbai,19.0596,72.8295
Zone_02,50,Residential,12426,43.46,21.86,61.52,2.399,0,0.2293,Random Forest Classifier,22.93,79.49565342337812,51.01537739171265,62.86158027567462,48.67822587553825,96,MODERATE,Bandra,Mumbai,19.0596,72.8295
Zone_02,51,Residential,12426,37.63,18.23,60.84,-0.525,0,0.2142,Random Forest Classifier,21.42,79.49565342337812,44.171851156239,51.508444962143265,45.00255033141382,124,MODERATE,Bandra,Mumbai,19.0596,72.8295
Zone_02,52,Residential,12426,34.78,20.56,54.06,-2.697,0,0.2828,Random Forest Classifier,28.28,79.49565342337812,40.826388073717574,43.07513104251602,45.812460626965446,117,MODERATE,Bandra,Mumbai,19.0596,72.8295
Zone_03,47,University_District,7685,35.24,37.26,49.03,0.982,0,0.5092,Random Forest Classifier,50.92,45.43429844097995,41.366357553703494,57.359735973597346,48.60380651702529,97,MODERATE,Kurla,Mumbai,19.0726,72.8845
Zone_03,48,University_District,7685,34.11,38.6,47.38,4.955,0,0.572,Random Forest Classifier,57.199999999999996,45.43429844097995,40.03991078765113,72.78586682197631,53.164436791071665,68,MODERATE,Kurla,Mumbai,19.0726,72.8845
Zone_03,49,University_District,7685,27.51,19.18,56.44,4.267,0,0.2005,Random Forest Classifier,20.05,45.43429844097995,32.29252259654889,70.11454086585128,36.35426025943246,168,MODERATE,Kurla,Mumbai,19.0726,72.8845
Zone_03,50,University_District,7685,27.66,26.96,49.78,-4.36,0,0.3191,Random Forest Classifier,31.91,45.43429844097995,32.46859960089212,36.61813240147544,36.10901439064473,171,MODERATE,Kurla,Mumbai,19.0726,72.8845
Zone_03,51,University_District,7685,26.95,27.26,51.98,-5.032,0,0.3247,Random Forest Classifier,32.47,45.43429844097995,31.635168447000822,34.00893030479518,35.77494784536442,175,MODERATE,Kurla,Mumbai,19.0726,72.8845
Zone_03,52,University_District,7685,27.82,24.77,47.64,-2.624,0,0.4407,Random Forest Classifier,44.07,45.43429844097995,32.65641507219158,43.358571151232766,42.021643297368215,136,MODERATE,Kurla,Mumbai,19.0726,72.8845
Zone_04,47,Highway_Junction,2415,32.76,17.69,63.21,-3.796,0,0.2451,Random Forest Classifier,24.51,7.57238307349666,38.455217748562035,38.80799844690351,25.2093390851221,227,LOW,Dadar,Mumbai,19.0178,72.8478
Zone_04,48,Highway_Junction,2415,25.34,20.97,53.41,-4.781,0,0.3097,Random Forest Classifier,30.97,7.57238307349666,29.745275267050125,34.98349834983499,25.477675574259436,223,LOW,Dadar,Mumbai,19.0178,72.8478
Zone_04,49,Highway_Junction,2415,23.5,14.5,58.64,-3.492,0,0.1981,Random Forest Classifier,19.81,7.57238307349666,27.585397347106465,39.9883517763541,21.332428004248573,253,LOW,Dadar,Mumbai,19.0178,72.8478
Zone_04,50,Highway_Junction,2415,23.18,19.0,53.32,0.19,0,0.209,Random Forest Classifier,20.9,7.57238307349666,27.209766404507572,54.28460493108134,23.83773978893788,232,LOW,Dadar,Mumbai,19.0178,72.8478
Zone_04,51,Highway_Junction,2415,26.53,20.18,56.14,-0.254,0,0.2303,Random Forest Classifier,23.03,7.57238307349666,31.14215283483977,52.56066783148903,25.217626510065475,226,LOW,Dadar,Mumbai,19.0178,72.8478
Zone_04,52,Highway_Junction,2415,21.6,17.99,48.64,0.213,1,0.3213,Random Forest Classifier,32.129999999999995,7.57238307349666,25.35508862542552,54.373907979033184,27.97219969031425,213,LOW,Dadar,Mumbai,19.0178,72.8478
Zone_05,47,Commercial_Downtown,8343,24.95,16.82,63.95,0.507,0,0.2277,Random Forest Classifier,22.770000000000003,50.16164954378907,29.287475055757717,55.515433896330805,35.83322248154843,174,MODERATE,Powai,Mumbai,19.1176,72.906
Zone_05,48,Commercial_Downtown,8343,18.24,20.09,50.28,1.453,0,0.2723,Random Forest Classifier,27.229999999999997,50.16164954378907,21.4109637281371,59.18850708600271,36.59288119447509,166,MODERATE,Powai,Mumbai,19.1176,72.906
Zone_05,49,Commercial_Downtown,8343,14.82,11.93,53.14,0.314,0,0.2021,Random Forest Classifier,20.21,50.16164954378907,17.3964080291114,54.766064841778295,32.318603718036286,199,LOW,Powai,Mumbai,19.1176,72.906
Zone_05,50,Commercial_Downtown,8343,15.01,14.18,62.27,-1.062,0,0.1775,Random Forest Classifier,17.75,50.16164954378907,17.619438901279494,49.42341292952824,30.577812105632404,205,LOW,Powai,Mumbai,19.1176,72.906
Zone_05,51,Commercial_Downtown,8343,24.58,14.98,61.65,-1.608,0,0.2491,Random Forest Classifier,24.91,50.16164954378907,28.853151778377743,47.30343622597553,35.37055817551915,180,MODERATE,Powai,Mumbai,19.1176,72.906
Zone_05,52,Commercial_Downtown,8343,24.42,15.54,50.52,-1.308,0,0.2604,Random Forest Classifier,26.040000000000003,50.16164954378907,28.6653363070783,48.468258590564936,35.959718435947664,173,MODERATE,Powai,Mumbai,19.1176,72.906
Zone_06,47,University_District,8747,41.36,15.73,60.31,0.707,0,0.1676,Random Forest Classifier,16.76,53.064156907823836,48.55029933090738,56.291982139390406,38.123896414045994,156,MODERATE,Borivali,Mumbai,19.2307,72.8567
Zone_06,48,University_District,8747,47.38,37.51,45.84,-2.543,0,0.5395,Random Forest Classifier,53.949999999999996,53.064156907823836,55.616856438549135,43.67307318967191,52.52037149311658,71,MODERATE,Borivali,Mumbai,19.2307,72.8567
Zone_06,49,University_District,8747,41.07,35.63,48.33,5.407,0,0.4195,Random Forest Classifier,41.949999999999996,53.064156907823836,48.209883789177134,74.540865851291,50.869145862485034,80,MODERATE,Borivali,Mumbai,19.2307,72.8567
Zone_06,50,University_District,8747,39.62,24.19,58.09,4.992,0,0.2078,Random Forest Classifier,20.78,53.064156907823836,46.50780608052588,72.92952824694234,41.81902968010249,137,MODERATE,Borivali,Mumbai,19.2307,72.8567
Zone_06,51,University_District,8747,38.54,22.71,62.47,2.35,0,0.2431,Random Forest Classifier,24.310000000000002,53.064156907823836,45.24005164925461,62.671325956125024,41.43874845022563,139,MODERATE,Borivali,Mumbai,19.2307,72.8567
Zone_06,52,University_District,8747,34.76,28.17,49.6,-5.584,0,0.373,Random Forest Classifier,37.3,53.064156907823836,40.80291113980514,31.86565715395069,41.126470028009585,143,MODERATE,Borivali,Mumbai,19.2307,72.8567
Zone_07,47,University_District,7267,48.12,68.74,40.13,6.877,0,0.7855,Random Forest Classifier,78.55,42.43120913858755,56.48550299330907,80.24849543777907,65.36217719897556,41,HIGH,Goregaon,Mumbai,19.1663,72.8526
Zone_07,48,University_District,7267,47.53,73.91,38.49,2.636,0,0.8514,Random Forest Classifier,85.14,42.43120913858755,55.792933442892355,63.78178994370024,65.3896574647804,40,HIGH,Goregaon,Mumbai,19.1663,72.8526
Zone_07,49,University_District,7267,49.34,91.49,22.89,-0.425,1,0.947,Random Forest Classifier,94.69999999999999,42.43120913858755,57.91759596196737,51.89671908367307,67.85582933959131,35,HIGH,Goregaon,Mumbai,19.1663,72.8526
Zone_07,50,University_District,7267,50.91,75.9,34.63,0.847,1,0.9025,Random Forest Classifier,90.25,42.43120913858755,59.76053527409319,56.83556590953213,67.18524422589535,37,HIGH,Goregaon,Mumbai,19.1663,72.8526
Zone_07,51,University_District,7267,49.15,75.49,39.94,3.906,1,0.8896,Random Forest Classifier,88.96,42.43120913858755,57.694565089799276,68.7128712871287,68.03764599567604,34,HIGH,Goregaon,Mumbai,19.1663,72.8526
Zone_07,52,University_District,7267,45.16,87.84,23.9,-1.085,1,0.9603,Random Forest Classifier,96.03,42.43120913858755,53.010916774269276,49.33410988157639,67.0221021217372,38,HIGH,Goregaon,Mumbai,19.1663,72.8526
Zone_08,47,Highway_Junction,2040,2.24,2.95,64.9,-1.659,0,0.1853,Random Forest Classifier,18.529999999999998,4.878224010345571,2.629416598192276,47.10541642399534,16.223251785824147,293,LOW,Thane,Mumbai,19.2183,72.9781
Zone_08,48,Highway_Junction,2040,10.04,10.71,58.97,-2.841,0,0.2543,Random Forest Classifier,25.430000000000003,4.878224010345571,11.78542082404038,42.5160163075131,20.126042613521435,265,LOW,Thane,Mumbai,19.2183,72.9781
Zone_08,49,Highway_Junction,2040,9.15,6.85,65.23,-0.273,0,0.1076,Random Forest Classifier,10.76,4.878224010345571,10.7406972649372,52.48689574839837,15.544729817833588,299,LOW,Thane,Mumbai,19.2183,72.9781
Zone_08,50,Highway_Junction,2040,8.84,9.77,64.78,-0.214,1,0.18,Random Forest Classifier,18.0,4.878224010345571,10.376804789294518,52.71597748010095,18.40231358246044,277,LOW,Thane,Mumbai,19.2183,72.9781
Zone_08,51,Highway_Junction,2040,5.51,6.34,58.11,1.66,0,0.1314,Random Forest Classifier,13.139999999999999,4.878224010345571,6.467895292874751,59.9922345175694,16.767970238796753,286,LOW,Thane,Mumbai,19.2183,72.9781
Zone_08,52,Highway_Junction,2040,4.09,5.31,57.52,-1.019,0,0.1851,Random Forest Classifier,18.509999999999998,4.878224010345571,4.801032985092147,49.59037080178605,17.02231821987273,284,LOW,Thane,Mumbai,19.2183,72.9781
Zone_09,47,Suburban_LowDensity,3241,9.91,9.32,65.95,-0.777,0,0.1555,Random Forest Classifier,15.55,13.506717436597457,11.632820753609579,50.52999417588817,19.502742636254506,270,LOW,Vashi,Mumbai,19.0771,72.9986
Zone_09,48,Suburban_LowDensity,3241,7.25,6.41,62.21,0.991,0,0.1317,Random Forest Classifier,13.170000000000002,13.506717436597457,8.51038854325625,57.394680644535036,18.95595916448087,272,LOW,Vashi,Mumbai,19.0771,72.9986
Zone_09,49,Suburban_LowDensity,3241,2.74,5.58,53.63,-0.632,1,0.1558,Random Forest Classifier,15.58,13.506717436597457,3.2163399460030524,51.09299165210639,17.915896096165934,280,LOW,Vashi,Mumbai,19.0771,72.9986
Zone_09,50,Suburban_LowDensity,3241,0.0,0.0,65.08,-0.249,1,0.2468,Random Forest Classifier,24.68,13.506717436597457,0.0,52.58008153756551,21.13569158978419,256,LOW,Vashi,Mumbai,19.0771,72.9986
Zone_09,51,Suburban_LowDensity,3241,0.0,7.84,53.13,-2.879,0,0.2115,Random Forest Classifier,21.15,13.506717436597457,0.0,42.36847214133178,18.19195018034913,279,LOW,Vashi,Mumbai,19.0771,72.9986
Zone_09,52,Suburban_LowDensity,3241,0.0,6.02,62.74,-0.129,0,0.2356,Random Forest Classifier,23.56,13.506717436597457,0.0,53.04601048340128,20.757580931659554,258,LOW,Vashi,Mumbai,19.0771,72.9986
Zone_10,47,Residential,15099,66.68,100.0,19.47,-2.28,1,0.9513,Random Forest Classifier,95.13000000000001,98.69961922551907,78.27209766404508,44.69423412929528,85.08545945858309,6,CRITICAL,Colaba,Mumbai,18.922,72.8347
Zone_10,48,Residential,15099,67.33,88.09,33.02,1.427,1,0.9185,Random Forest Classifier,91.85,98.69961922551907,79.03509801619907,59.087555814404965,86.08505778178034,4,CRITICAL,Colaba,Mumbai,18.922,72.8347
Zone_10,49,Residential,15099,65.37,85.39,35.36,-1.301,1,0.9185,Random Forest Classifier,91.85,98.69961922551907,76.73435849278086,48.49543777907202,84.03609217179674,8,CRITICAL,Colaba,Mumbai,18.922,72.8347
Zone_10,50,Residential,15099,62.17,86.82,31.27,1.242,1,0.8949,Random Forest Classifier,89.49000000000001,98.69961922551907,72.97804906679188,58.36924868957484,83.82190192317438,10,CRITICAL,Colaba,Mumbai,18.922,72.8347
Zone_10,51,Residential,15099,67.72,87.87,32.73,-4.224,1,0.8324,Random Forest Classifier,83.24000000000001,98.69961922551907,79.4928982274915,37.146185206755966,79.44141223289148,21,CRITICAL,Colaba,Mumbai,18.922,72.8347
Zone_10,52,Residential,15099,66.42,85.64,33.92,0.077,1,0.921,Random Forest Classifier,92.10000000000001,98.69961922551907,77.96689752318348,53.84585517375267,85.18516258707938,5,CRITICAL,Colaba,Mumbai,18.922,72.8347
Zone_11,47,Residential,9955,28.73,34.61,56.91,-3.408,0,0.3246,Random Forest Classifier,32.46,61.74294130325454,33.72461556520718,40.31450203843914,41.21183374462094,141,MODERATE,Lower Parel,Mumbai,18.9988,72.8258
Zone_11,48,Residential,9955,26.72,31.24,54.98,3.07,0,0.3233,Random Forest Classifier,32.33,61.74294130325454,31.365183707007866,65.46689963113958,44.460807011886146,127,MODERATE,Lower Parel,Mumbai,18.9988,72.8258
Zone_11,49,Residential,9955,25.41,28.58,61.85,-0.205,0,0.2667,Random Forest Classifier,26.669999999999998,61.74294130325454,29.82744453574363,52.75092215103862,39.98186255561816,149,MODERATE,Lower Parel,Mumbai,18.9988,72.8258
Zone_11,50,Residential,9955,21.51,26.87,59.92,0.056,0,0.3182,Random Forest Classifier,31.819999999999997,61.74294130325454,25.249442422819584,53.7643176082314,41.278271451612255,140,MODERATE,Lower Parel,Mumbai,18.9988,72.8258
Zone_11,51,Residential,9955,27.93,46.41,42.96,-2.588,0,0.6707,Random Forest Classifier,67.07,61.74294130325454,32.785538208709944,43.49834983498349,55.345595442803145,61,HIGH,Lower Parel,Mumbai,18.9988,72.8258
Zone_11,52,Residential,9955,35.9,50.15,49.5,4.38,0,0.4946,Random Forest Classifier,49.46,61.74294130325454,42.141096372813706,70.55329062317995,54.23094819385337,64,MODERATE,Lower Parel,Mumbai,18.9988,72.8258
Zone_12,47,Commercial_Downtown,8725,20.56,12.21,64.88,-3.457,0,0.2251,Random Forest Classifier,22.509999999999998,52.90609957611897,24.134288061979102,40.124247718889535,33.07601966425899,198,LOW,Malad,Mumbai,19.1874,72.8484
Zone_12,48,Commercial_Downtown,8725,22.74,20.37,48.69,-3.782,0,0.3077,Random Forest Classifier,30.769999999999996,52.90609957611897,26.693273858434086,38.86235682391768,36.70253318930421,164,MODERATE,Malad,Mumbai,19.1874,72.8484
Zone_12,49,Commercial_Downtown,8725,22.44,21.45,50.65,-0.11,0,0.3025,Random Forest Classifier,30.25,52.90609957611897,26.341119849747624,53.11978256649195,38.56271624895306,152,MODERATE,Malad,Mumbai,19.1874,72.8484
Zone_12,50,Commercial_Downtown,8725,25.42,19.02,59.83,2.997,0,0.1756,Random Forest Classifier,17.560000000000002,52.90609957611897,29.839183002699848,65.18345952242282,35.99588042293313,172,MODERATE,Malad,Mumbai,19.1874,72.8484
Zone_12,51,Commercial_Downtown,8725,26.56,19.24,58.01,2.151,0,0.2074,Random Forest Classifier,20.74,52.90609957611897,31.177368235708414,61.898660454280716,37.04279760931353,161,MODERATE,Malad,Mumbai,19.1874,72.8484
Zone_12,52,Commercial_Downtown,8725,31.32,20.1,58.75,-0.582,0,0.2392,Random Forest Classifier,23.919999999999998,52.90609957611897,36.76487850686701,51.28712871287128,37.84056990233384,158,MODERATE,Malad,Mumbai,19.1874,72.8484
Zone_13,47,Suburban_LowDensity,1361,10.03,5.05,66.03,-3.489,0,0.1868,Random Forest Classifier,18.68,0.0,11.773682357084164,40.0,15.826736471416833,297,LOW,Chembur,Mumbai,19.062,72.897
Zone_13,48,Suburban_LowDensity,1361,7.47,4.33,63.9,-0.637,0,0.1574,Random Forest Classifier,15.740000000000002,0.0,8.768634816292991,51.07357794602989,15.710763655163083,298,LOW,Chembur,Mumbai,19.062,72.897
Zone_13,49,Suburban_LowDensity,1361,3.73,6.49,62.52,0.284,0,0.1699,Random Forest Classifier,16.99,0.0,4.378448174668388,54.64958260531936,15.86912702573158,296,LOW,Chembur,Mumbai,19.062,72.897
Zone_13,50,Suburban_LowDensity,1361,4.56,9.54,57.13,1.77,0,0.1509,Random Forest Classifier,15.09,0.0,5.352740932034275,60.41933605125218,16.169448594094682,294,LOW,Chembur,Mumbai,19.062,72.897
Zone_13,51,Suburban_LowDensity,1361,0.0,8.21,60.32,1.563,0,0.2465,Random Forest Classifier,24.65,0.0,0.0,59.6156086196855,18.802341292952825,274,LOW,Chembur,Mumbai,19.062,72.897
Zone_13,52,Suburban_LowDensity,1361,0.0,5.24,63.88,1.469,0,0.2366,Random Forest Classifier,23.66,0.0,0.0,59.25063094544748,18.351594641817123,278,LOW,Chembur,Mumbai,19.062,72.897
Zone_14,47,University_District,10551,43.6,20.58,60.26,3.514,0,0.1633,Random Forest Classifier,16.33,66.02485810762268,51.179715929099665,67.19083673073189,43.35278322233539,134,MODERATE,Connaught Place,Delhi,28.6315,77.2167
Zone_14,48,University_District,10551,44.81,17.27,61.64,2.499,0,0.2355,Random Forest Classifier,23.549999999999997,66.02485810762268,52.600070430801736,63.249854397204416,45.93370677264667,116,MODERATE,Connaught Place,Delhi,28.6315,77.2167
Zone_14,49,University_District,10551,50.19,22.92,60.81,-0.427,0,0.3205,Random Forest Classifier,32.05,66.02485810762268,58.915365653245686,51.88895360124247,48.89263069774118,93,MODERATE,Connaught Place,Delhi,28.6315,77.2167
Zone_14,50,University_District,10551,48.24,34.15,48.28,-2.701,0,0.4534,Random Forest Classifier,45.34,66.02485810762268,56.62636459678366,43.05960007765482,52.426427457910634,72,MODERATE,Connaught Place,Delhi,28.6315,77.2167
Zone_14,51,University_District,10551,42.08,22.37,62.52,4.636,0,0.2357,Random Forest Classifier,23.57,66.02485810762268,49.3954689517549,71.54727237429624,46.54539917340109,112,MODERATE,Connaught Place,Delhi,28.6315,77.2167
Zone_14,52,University_District,10551,47.14,31.44,46.74,2.653,0,0.502,Random Forest Classifier,50.2,66.02485810762268,55.335133231599954,63.847796544360314,57.23041065487971,56,HIGH,Connaught Place,Delhi,28.6315,77.2167
Zone_15,47,Residential,14863,73.47,49.07,48.37,-3.46,0,0.4778,Random Forest Classifier,47.78,97.00409512177599,86.2425167273154,40.112599495243636,66.62841705019362,39,HIGH,Dwarka,Delhi,28.5921,77.046
Zone_15,48,Residential,14863,74.86,73.28,30.58,1.508,0,0.9023,Random Forest Classifier,90.23,97.00409512177599,87.87416363422938,59.4020578528441,86.8281651852165,3,CRITICAL,Dwarka,Delhi,28.5921,77.046
Zone_15,49,Residential,14863,77.04,76.03,30.87,7.563,1,0.8574,Random Forest Classifier,85.74000000000001,97.00409512177599,90.43314943068437,82.91205591147349,89.07046205330191,2,CRITICAL,Dwarka,Delhi,28.5921,77.046
Zone_15,50,Residential,14863,75.01,76.18,27.81,8.988,1,0.9076,Random Forest Classifier,90.75999999999999,97.00409512177599,88.0502406385726,88.44496214327314,91.43181622964948,1,CRITICAL,Dwarka,Delhi,28.5921,77.046
Zone_15,51,Residential,14863,70.77,47.17,48.48,8.408,1,0.6584,Random Forest Classifier,65.84,97.00409512177599,83.07313064913721,86.19297223840029,80.13059574603149,18,CRITICAL,Dwarka,Delhi,28.5921,77.046
Zone_15,52,Residential,14863,76.31,74.53,32.54,-7.818,0,0.8379,Random Forest Classifier,83.78999999999999,97.00409512177599,89.57624134288062,23.191613278974955,79.16101404086636,22,CRITICAL,Dwarka,Delhi,28.5921,77.046
Zone_16,47,Highway_Junction,1963,24.47,15.01,61.81,1.984,0,0.1591,Random Forest Classifier,15.909999999999998,4.325023349378547,28.724028641859373,61.25024267132595,22.377597966415404,242,LOW,Rohini,Delhi,28.7495,77.0565
Zone_16,48,Highway_Junction,1963,22.93,8.46,64.86,0.574,0,0.1363,Random Forest Classifier,13.63,4.325023349378547,26.916304730602185,55.775577557755774,20.28285341712844,263,LOW,Rohini,Delhi,28.7495,77.0565
Zone_16,49,Highway_Junction,1963,21.13,11.38,64.67,-1.351,0,0.1734,Random Forest Classifier,17.34,4.325023349378547,24.80338067848339,48.301300718307125,20.223127080787386,264,LOW,Rohini,Delhi,28.7495,77.0565
Zone_16,50,Highway_Junction,1963,16.31,9.17,62.79,-2.791,0,0.1277,Random Forest Classifier,12.770000000000001,4.325023349378547,19.14543960558751,42.710153368278,16.42486676370384,290,LOW,Rohini,Delhi,28.7495,77.0565
Zone_16,51,Highway_Junction,1963,20.39,9.36,63.48,-1.46,0,0.1724,Random Forest Classifier,17.24,4.325023349378547,23.93473412372344,47.87808192583964,19.94591495096527,266,LOW,Rohini,Delhi,28.7495,77.0565
Zone_16,52,Highway_Junction,1963,20.2,10.46,60.05,0.049,0,0.1609,Random Forest Classifier,16.09,4.325023349378547,23.711703251555345,53.73713841972432,20.320167250614354,262,LOW,Rohini,Delhi,28.7495,77.0565
Zone_17,47,Residential,8064,23.03,18.74,59.99,-2.075,0,0.2514,Random Forest Classifier,25.14,48.15719520080465,27.03368940016434,45.490196078431374,34.32556609199874,190,LOW,Saket,Delhi,28.5244,77.2066
Zone_17,48,Residential,8064,23.02,25.69,57.54,-3.717,0,0.2646,Random Forest Classifier,26.46,48.15719520080465,27.02195093320812,39.11473500291205,33.894899237279596,193,LOW,Saket,Delhi,28.5244,77.2066
Zone_17,49,Residential,8064,18.67,24.76,50.03,3.171,1,0.3651,Random Forest Classifier,36.51,48.15719520080465,21.915717807254374,65.85905649388467,40.905300835734735,144,MODERATE,Saket,Delhi,28.5244,77.2066
Zone_17,50,Residential,8064,21.61,22.18,58.18,2.573,0,0.2522,Random Forest Classifier,25.22,48.15719520080465,25.366827092381733,63.537177247136476,36.73124080574798,163,MODERATE,Saket,Delhi,28.5244,77.2066
Zone_17,51,Residential,8064,23.77,23.78,56.92,0.939,0,0.3038,Random Forest Classifier,30.380000000000003,48.15719520080465,27.902335954924283,57.192778101339535,38.35068270638695,153,MODERATE,Saket,Delhi,28.5244,77.2066
Zone_17,52,Residential,8064,23.44,23.0,62.25,-0.831,0,0.2525,Random Forest Classifier,25.25,48.15719520080465,27.51496654536918,50.32032615026208,35.19034103181431,183,MODERATE,Saket,Delhi,28.5244,77.2066
Zone_18,47,Industrial_Corridor,3295,7.12,3.53,67.3,-1.275,0,0.1827,Random Forest Classifier,18.27,13.894676341691214,8.35778847282545,48.59638905066977,19.74268513758836,268,LOW,Karol Bagh,Delhi,28.6514,77.1907
Zone_18,48,Industrial_Corridor,3295,8.59,4.28,62.29,-1.571,0,0.1824,Random Forest Classifier,18.240000000000002,13.894676341691214,10.08334311538913,47.44709765094156,19.903402356141864,267,LOW,Karol Bagh,Delhi,28.6514,77.1907
Zone_18,49,Industrial_Corridor,3295,9.05,3.59,52.24,-0.9,1,0.1463,Random Forest Classifier,14.63,13.894676341691214,10.623312595375046,50.052417006406515,18.95819415545879,271,LOW,Karol Bagh,Delhi,28.6514,77.1907
Zone_18,50,Industrial_Corridor,3295,8.39,8.08,62.66,0.057,1,0.1749,Random Forest Classifier,17.49,13.894676341691214,9.848573776264821,53.7682003494467,20.504613893092774,259,LOW,Karol Bagh,Delhi,28.6514,77.1907
Zone_18,51,Industrial_Corridor,3295,16.93,11.39,59.46,1.296,0,0.1941,Random Forest Classifier,19.41,13.894676341691214,19.873224556872874,58.578916715200926,23.999151504077517,230,LOW,Karol Bagh,Delhi,28.6514,77.1907
Zone_18,52,Industrial_Corridor,3295,16.02,11.05,63.62,2.582,0,0.1484,Random Forest Classifier,14.84,13.894676341691214,18.80502406385726,63.57212191807415,22.70649218590538,239,LOW,Karol Bagh,Delhi,28.6514,77.1907
Zone_19,47,Industrial_Corridor,4136,14.33,7.89,56.27,-0.501,0,0.1481,Random Forest Classifier,14.81,19.936777067318054,16.821223148256838,51.601630751310424,22.012683509177446,248,LOW,Lajpat Nagar,Delhi,28.5677,77.243
Zone_19,48,Industrial_Corridor,4136,15.19,7.83,65.11,0.499,0,0.1448,Random Forest Classifier,14.48,19.936777067318054,17.83073130649137,55.48437196660843,22.66499632311905,240,LOW,Lajpat Nagar,Delhi,28.5677,77.243
Zone_19,49,Industrial_Corridor,4136,12.22,7.07,64.2,-0.753,0,0.1648,Random Forest Classifier,16.48,19.936777067318054,14.344406620495365,50.62317996505532,22.038552585686887,247,LOW,Lajpat Nagar,Delhi,28.5677,77.243
Zone_19,50,Industrial_Corridor,4136,6.96,6.15,51.89,-0.441,0,0.1495,Random Forest Classifier,14.95,19.936777067318054,8.169973001526001,51.834595224228295,20.373378150768957,261,LOW,Lajpat Nagar,Delhi,28.5677,77.243
Zone_19,51,Industrial_Corridor,4136,10.71,9.9,54.2,-0.598,0,0.1913,Random Forest Classifier,19.13,19.936777067318054,12.571898110106822,51.22500485342651,22.834324616864855,237,LOW,Lajpat Nagar,Delhi,28.5677,77.243
Zone_19,52,Industrial_Corridor,4136,14.62,13.09,54.51,0.529,0,0.1793,Random Forest Classifier,17.93,19.936777067318054,17.16163868998709,55.600854203067364,23.928650135287036,231,LOW,Lajpat Nagar,Delhi,28.5677,77.243
Zone_20,47,Commercial_Downtown,3700,24.0,14.5,64.01,-0.823,0,0.1484,Random Forest Classifier,14.84,16.80436812989439,28.172320694917246,50.35138807998446,23.324264383454715,235,LOW,Vasant Kunj,Delhi,28.5293,77.1541
Zone_20,48,Commercial_Downtown,3700,16.53,5.67,64.61,0.081,0,0.1506,Random Forest Classifier,15.06,16.80436812989439,19.403685878624252,53.86138613861385,22.185037128990523,244,LOW,Vasant Kunj,Delhi,28.5293,77.1541
Zone_20,49,Commercial_Downtown,3700,11.96,8.63,52.34,-1.866,0,0.2058,Random Forest Classifier,20.580000000000002,16.80436812989439,14.039206479633762,46.30168899242865,22.18618667726465,243,LOW,Vasant Kunj,Delhi,28.5293,77.1541
Zone_20,50,Commercial_Downtown,3700,5.94,7.47,55.14,-2.023,0,0.2114,Random Forest Classifier,21.14,16.80436812989439,6.972649371992018,45.69209862162686,20.905436700116034,257,LOW,Vasant Kunj,Delhi,28.5293,77.1541
Zone_20,51,Commercial_Downtown,3700,22.39,15.6,56.17,-1.813,0,0.3231,Random Forest Classifier,32.31,16.80436812989439,26.282427514966543,46.507474276839446,29.357698676992825,207,LOW,Vasant Kunj,Delhi,28.5293,77.1541
Zone_20,52,Commercial_Downtown,3700,23.75,15.84,59.99,2.863,0,0.159,Random Forest Classifier,15.9,16.80436812989439,27.87885902101186,64.6631721995729,25.836339666611906,222,LOW,Vasant Kunj,Delhi,28.5293,77.1541
Zone_21,47,Residential,11645,52.18,42.2,52.03,-2.294,0,0.3828,Random Forest Classifier,38.279999999999994,73.88461814785545,61.251320577532574,44.63987575228111,52.72940001531255,70,MODERATE,Janakpuri,Delhi,28.6219,77.0878
Zone_21,48,Residential,11645,51.06,36.06,56.54,-4.84,0,0.2732,Random Forest Classifier,27.32,73.88461814785545,59.93661227843644,34.7544166181324,46.599639485371014,110,MODERATE,Janakpuri,Delhi,28.6219,77.0878
Zone_21,49,Residential,11645,59.47,66.65,33.13,0.418,0,0.7934,Random Forest Classifier,79.34,73.88461814785545,69.80866298861369,55.16986992816928,72.444367623912,29,HIGH,Janakpuri,Delhi,28.6219,77.0878
Zone_21,50,Residential,11645,59.85,69.39,32.92,9.208,1,0.8695,Random Forest Classifier,86.95,73.88461814785545,70.25472473294988,89.2991652106387,80.69697426514965,15,CRITICAL,Janakpuri,Delhi,28.6219,77.0878
Zone_21,51,Residential,11645,61.64,72.85,31.66,11.216,1,0.8192,Random Forest Classifier,81.92,73.88461814785545,72.35591031811246,97.09570957095708,80.27469303622992,17,CRITICAL,Janakpuri,Delhi,28.6219,77.0878
Zone_21,52,Residential,11645,66.8,55.53,45.21,11.311,0,0.6559,Random Forest Classifier,65.59,73.88461814785545,78.41295926751965,97.4645699864104,75.00943188842936,26,CRITICAL,Janakpuri,Delhi,28.6219,77.0878
Zone_22,47,University_District,7570,50.15,31.64,59.44,0.298,1,0.3584,Random Forest Classifier,35.839999999999996,44.60808966161362,58.868411785420825,54.70394098233352,45.467295919837596,121,MODERATE,Pitampura,Delhi,28.7033,77.1322
Zone_22,48,University_District,7570,56.07,41.05,54.25,1.231,0,0.3749,Random Forest Classifier,37.49,44.60808966161362,65.81758422350042,58.32653853620656,48.06052004053447,103,MODERATE,Pitampura,Delhi,28.7033,77.1322
Zone_22,49,University_District,7570,50.88,52.19,39.93,6.317,0,0.7107,Random Forest Classifier,71.07,44.60808966161362,59.72531987322456,78.07416035721218,63.23621044363014,44,HIGH,Pitampura,Delhi,28.7033,77.1322
Zone_22,50,University_District,7570,53.22,38.83,52.51,8.219,0,0.3214,Random Forest Classifier,32.14,44.60808966161362,62.472121140978984,85.45913414870897,49.32131676590554,90,MODERATE,Pitampura,Delhi,28.7033,77.1322
Zone_22,51,University_District,7570,55.81,39.61,54.84,3.271,0,0.4419,Random Forest Classifier,44.190000000000005,44.60808966161362,65.5123840826388,66.24733061541448,51.86759882424334,75,MODERATE,Pitampura,Delhi,28.7033,77.1322
Zone_22,52,University_District,7570,57.09,40.08,54.07,-1.768,0,0.3814,Random Forest Classifier,38.14,44.60808966161362,67.0149078530344,46.682197631527856,46.813333630739464,109,MODERATE,Pitampura,Delhi,28.7033,77.1322
Zone_23,47,Suburban_LowDensity,2228,0.0,3.24,67.09,-4.579,0,0.2342,Random Forest Classifier,23.419999999999998,6.2288957540053165,0.0,35.767812075325175,16.290395749800105,292,LOW,Shahdara,Delhi,28.673,77.2891
Zone_23,48,Suburban_LowDensity,2228,0.0,6.32,56.0,-5.351,0,0.2015,Random Forest Classifier,20.150000000000002,6.2288957540053165,0.0,32.77033585711512,14.532774317068597,300,LOW,Shahdara,Delhi,28.673,77.2891
Zone_23,49,Suburban_LowDensity,2228,2.7,4.71,62.69,-1.698,0,0.182,Random Forest Classifier,18.2,6.2288957540053165,3.16938607817819,46.95398951659872,16.514199581626777,289,LOW,Shahdara,Delhi,28.673,77.2891
Zone_23,50,Suburban_LowDensity,2228,5.04,5.77,65.72,1.244,1,0.1536,Random Forest Classifier,15.36,6.2288957540053165,5.916187345932621,58.377014172005424,17.641013533488668,282,LOW,Shahdara,Delhi,28.673,77.2891
Zone_23,51,Suburban_LowDensity,2228,9.51,6.93,60.71,0.598,0,0.1392,Random Forest Classifier,13.919999999999998,6.2288957540053165,11.163282075360959,55.868763346922925,17.738194855611958,281,LOW,Shahdara,Delhi,28.673,77.2891
Zone_23,52,Suburban_LowDensity,2228,12.53,7.77,65.31,0.289,0,0.1441,Random Forest Classifier,14.41,6.2288957540053165,14.708299096138045,54.668996311395844,18.463233204438318,276,LOW,Shahdara,Delhi,28.673,77.2891
Zone_24,47,Commercial_Downtown,8634,32.87,17.61,61.21,-1.865,0,0.2118,Random Forest Classifier,21.18,52.25231697679431,38.58434088508041,46.305571733643944,36.19778318126125,169,MODERATE,Nehru Place,Delhi,28.5491,77.2519
Zone_24,48,Commercial_Downtown,8634,31.07,16.31,53.82,0.21,0,0.2909,Random Forest Classifier,29.09,52.25231697679431,36.471416832961616,54.3622597553873,40.147701574098996,148,MODERATE,Nehru Place,Delhi,28.5491,77.2519
Zone_24,49,Commercial_Downtown,8634,30.2,21.83,50.99,1.146,0,0.3075,Random Forest Classifier,30.75,52.25231697679431,35.45017020777087,57.99650553290623,41.15258911568869,142,MODERATE,Nehru Place,Delhi,28.5491,77.2519
Zone_24,50,Commercial_Downtown,8634,26.77,20.61,54.94,3.26,0,0.2221,Random Forest Classifier,22.21,52.25231697679431,31.423876041788944,66.20462046204621,38.162547521863296,155,MODERATE,Nehru Place,Delhi,28.5491,77.2519
Zone_24,51,Commercial_Downtown,8634,21.38,17.45,53.99,1.452,0,0.1911,Random Forest Classifier,19.11,52.25231697679431,25.096842352388776,59.184624344787416,34.604141366394444,187,LOW,Nehru Place,Delhi,28.5491,77.2519
Zone_24,52,Commercial_Downtown,8634,14.1,4.95,64.8,0.22,0,0.1708,Random Forest Classifier,17.080000000000002,52.25231697679431,16.55123840826388,54.40108716754028,31.365490000982394,200,LOW,Nehru Place,Delhi,28.5491,77.2519
Zone_25,47,Residential,10790,39.04,31.03,58.37,3.464,1,0.3178,Random Forest Classifier,31.78,67.74193548387096,45.826974997065385,66.99669966996699,48.86238382087586,95,MODERATE,Okhla,Delhi,28.5355,77.264
Zone_25,48,Residential,10790,40.6,27.93,57.66,4.81,0,0.2763,Random Forest Classifier,27.63,67.74193548387096,47.658175842235,72.22286934575808,48.352549441278455,102,MODERATE,Okhla,Delhi,28.5355,77.264
Zone_25,49,Residential,10790,41.71,46.62,45.85,1.23,1,0.6504,Random Forest Classifier,65.03999999999999,67.74193548387096,48.961145674374926,58.32265579499126,61.49211137509141,49,HIGH,Okhla,Delhi,28.5355,77.264
Zone_25,50,Residential,10790,35.12,21.17,58.39,3.953,0,0.2062,Random Forest Classifier,20.62,67.74193548387096,41.2254959502289,68.8953601242477,43.762887079650675,132,MODERATE,Okhla,Delhi,28.5355,77.264
Zone_25,51,Residential,10790,39.99,31.18,58.94,-1.089,0,0.2978,Random Forest Classifier,29.78,67.74193548387096,46.94212935790586,49.3185789167152,45.633696580056196,118,MODERATE,Okhla,Delhi,28.5355,77.264
Zone_25,52,Residential,10790,35.02,21.51,58.96,-1.57,0,0.2031,Random Forest Classifier,20.31,67.74193548387096,41.10811128066675,47.45098039215686,40.39875318592462,146,MODERATE,Okhla,Delhi,28.5355,77.264
Zone_26,47,University_District,7678,34.79,30.07,50.59,3.391,0,0.3697,Random Forest Classifier,36.97,45.384007471801134,40.838126540673784,66.71325956125025,44.30861611027258,129,MODERATE,Hazratganj,Lucknow,26.85,80.949
Zone_26,48,University_District,7678,36.92,34.74,46.3,2.281,0,0.5332,Random Forest Classifier,53.32,45.384007471801134,43.338420002347696,62.403416812269455,50.70219839026025,82,MODERATE,Hazratganj,Lucknow,26.85,80.949
Zone_26,49,University_District,7678,35.48,20.62,58.43,2.464,0,0.1537,Random Forest Classifier,15.370000000000001,45.384007471801134,41.648080760652654,63.11395845466898,35.29071178828116,181,MODERATE,Hazratganj,Lucknow,26.85,80.949
Zone_26,50,University_District,7678,34.3,23.28,62.68,-5.488,0,0.2413,Random Forest Classifier,24.13,45.384007471801134,40.26294165981923,32.2384003106193,33.88635024650703,194,LOW,Hazratganj,Lucknow,26.85,80.949
Zone_26,51,University_District,7678,35.85,22.35,60.61,-3.449,0,0.2603,Random Forest Classifier,26.029999999999998,45.384007471801134,42.082404038032635,40.15530964861192,36.1977791228486,170,MODERATE,Hazratganj,Lucknow,26.85,80.949
Zone_26,52,University_District,7678,35.57,23.18,61.04,-3.451,0,0.2506,Random Forest Classifier,25.06,45.384007471801134,41.7537269632586,40.14754416618132,35.74287888552921,177,MODERATE,Hazratganj,Lucknow,26.85,80.949
Zone_27,47,Suburban_LowDensity,4357,5.15,8.17,65.89,0.053,0,0.1656,Random Forest Classifier,16.56,21.524534808535094,6.045310482450993,53.752669384585516,21.277096206311796,254,LOW,Gomti Nagar,Lucknow,26.8467,81.0078
Zone_27,48,Suburban_LowDensity,4357,12.27,8.86,64.53,-0.612,0,0.1969,Random Forest Classifier,19.689999999999998,21.524534808535094,14.403098955276441,51.170646476412344,23.81335046465091,233,LOW,Gomti Nagar,Lucknow,26.8467,81.0078
Zone_27,49,Suburban_LowDensity,4357,12.53,7.64,65.79,-0.394,0,0.1653,Random Forest Classifier,16.53,21.524534808535094,14.708299096138045,52.017084061347305,22.73735613056348,238,LOW,Gomti Nagar,Lucknow,26.8467,81.0078
Zone_27,50,Suburban_LowDensity,4357,18.67,14.57,55.53,0.195,0,0.3338,Random Forest Classifier,33.379999999999995,21.524534808535094,21.915717807254374,54.30401863715784,31.261880059158322,202,LOW,Gomti Nagar,Lucknow,26.8467,81.0078
Zone_27,51,Suburban_LowDensity,4357,13.74,11.47,61.66,1.798,0,0.0957,Random Forest Classifier,9.569999999999999,21.524534808535094,16.128653597840124,60.52805280528052,21.514072342493876,250,LOW,Gomti Nagar,Lucknow,26.8467,81.0078
Zone_27,52,Suburban_LowDensity,4357,17.94,9.68,54.91,1.476,0,0.1713,Random Forest Classifier,17.130000000000003,21.524534808535094,21.05880971945064,59.27781013395457,25.336567166117085,225,LOW,Gomti Nagar,Lucknow,26.8467,81.0078
Zone_28,47,Highway_Junction,1845,7.08,4.93,64.2,2.532,0,0.1179,Random Forest Classifier,11.790000000000001,3.4772612975070047,8.310834605000588,63.37798485730926,16.754179973973258,288,LOW,Aliganj,Lucknow,26.886,80.9462
Zone_28,48,Highway_Junction,1845,0.0,6.07,63.99,-1.025,0,0.2205,Random Forest Classifier,22.05,3.4772612975070047,0.0,49.56707435449427,17.12437647755089,283,LOW,Aliganj,Lucknow,26.886,80.9462
Zone_28,49,Highway_Junction,1845,3.88,7.84,54.78,-2.686,0,0.1956,Random Forest Classifier,19.56,3.4772612975070047,4.5545251790116215,43.117841195884296,16.07189653956172,295,LOW,Aliganj,Lucknow,26.886,80.9462
Zone_28,50,Highway_Junction,1845,11.63,4.24,63.33,-1.104,0,0.1462,Random Forest Classifier,14.62,3.4772612975070047,13.651837070078649,49.26033779848573,16.83673340816534,285,LOW,Aliganj,Lucknow,26.886,80.9462
Zone_28,51,Highway_Junction,1845,4.65,2.45,63.19,-0.03,0,0.1697,Random Forest Classifier,16.97,3.4772612975070047,5.458387134640216,53.43040186371578,16.763553030862163,287,LOW,Aliganj,Lucknow,26.886,80.9462
Zone_28,52,Highway_Junction,1845,2.31,6.02,62.47,-1.446,0,0.1944,Random Forest Classifier,19.439999999999998,3.4772612975070047,2.711585866885785,47.93244030285381,16.37749854318198,291,LOW,Aliganj,Lucknow,26.886,80.9462
Zone_29,47,Residential,13450,38.74,14.89,62.56,3.032,0,0.2116,Random Forest Classifier,21.16,86.85250377182268,45.47482098837892,65.31935546495825,49.069993460375194,91,MODERATE,Indira Nagar,Lucknow,26.88,81.0
Zone_29,48,Residential,13450,34.93,22.4,60.91,-1.431,0,0.3398,Random Forest Classifier,33.98,86.85250377182268,41.00246507806081,47.99068142108327,50.70422117173032,81,MODERATE,Indira Nagar,Lucknow,26.88,81.0
Zone_29,49,Residential,13450,37.73,28.94,48.53,-0.02,0,0.3979,Random Forest Classifier,39.79,86.85250377182268,44.28923582580115,53.469229275868756,54.50735749949621,63,MODERATE,Indira Nagar,Lucknow,26.88,81.0
Zone_29,50,Residential,13450,39.07,27.69,49.32,2.431,1,0.3721,Random Forest Classifier,37.21,86.85250377182268,45.862190397934036,62.98582799456416,55.21743822172711,62,HIGH,Indira Nagar,Lucknow,26.88,81.0
Zone_29,51,Residential,13450,40.21,17.3,58.37,4.494,0,0.1478,Random Forest Classifier,14.78,86.85250377182268,47.2003756309426,70.99592312172392,47.71458953740278,105,MODERATE,Indira Nagar,Lucknow,26.88,81.0
Zone_29,52,Residential,13450,40.96,22.02,59.75,-1.655,1,0.2531,Random Forest Classifier,25.31,86.85250377182268,48.08076065265877,47.120947388856536,48.521420181815905,99,MODERATE,Indira Nagar,Lucknow,26.88,81.0
Zone_30,47,Highway_Junction,2448,25.4,17.59,60.34,2.39,0,0.1911,Random Forest Classifier,19.11,7.809469071053956,29.815706068787417,62.82663560473695,24.983503822231512,228,LOW,Charbagh,Lucknow,26.8315,80.923
Zone_30,48,Highway_Junction,2448,25.18,19.74,53.69,1.925,0,0.2635,Random Forest Classifier,26.35,7.809469071053956,29.557459795750674,61.02116093962338,27.55703336785713,217,LOW,Charbagh,Lucknow,26.8315,80.923
Zone_30,49,Highway_Junction,2448,31.57,22.39,59.38,2.451,0,0.249,Random Forest Classifier,24.9,7.809469071053956,37.05834018077239,63.06348281887012,28.783557726748484,210,LOW,Charbagh,Lucknow,26.8315,80.923
Zone_30,50,Highway_Junction,2448,31.18,31.15,48.95,1.115,0,0.4322,Random Forest Classifier,43.22,7.809469071053956,36.60053996947998,57.87614055523199,35.24189634494428,182,MODERATE,Charbagh,Lucknow,26.8315,80.923
Zone_30,51,Highway_Junction,2448,27.27,15.62,60.85,4.333,0,0.1624,Random Forest Classifier,16.24,7.809469071053956,32.01079938959972,70.37080178606097,25.406147413592578,224,LOW,Charbagh,Lucknow,26.8315,80.923
Zone_30,52,Highway_Junction,2448,30.57,22.45,57.37,-0.36,0,0.3083,Random Forest Classifier,30.830000000000002,7.809469071053956,35.88449348515084,52.149097262667446,29.283630554193774,208,LOW,Charbagh,Lucknow,26.8315,80.923
Zone_31,47,Commercial_Downtown,9364,47.52,68.73,43.02,-3.314,1,0.7822,Random Forest Classifier,78.22,57.496946619728426,55.781194975936145,40.67947971267715,62.92039760702091,45,HIGH,Alambagh,Lucknow,26.813,80.918
Zone_31,48,Commercial_Downtown,9364,46.78,64.87,44.5,-4.359,1,0.7683,Random Forest Classifier,76.83,57.496946619728426,54.9125484211762,36.62201514269074,61.58204861057096,47,HIGH,Alambagh,Lucknow,26.813,80.918
Zone_31,49,Commercial_Downtown,9364,46.57,90.7,24.27,-5.758,1,0.9348,Random Forest Classifier,93.47999999999999,57.496946619728426,54.66604061509567,31.19006018248884,67.37795380532457,36,HIGH,Alambagh,Lucknow,26.813,80.918
Zone_31,50,Commercial_Downtown,9364,57.54,100.0,18.15,4.969,1,0.9024,Random Forest Classifier,90.24,57.496946619728426,67.54313886606408,72.84022519899048,74.90489820799348,27,HIGH,Alambagh,Lucknow,26.813,80.918
Zone_31,51,Commercial_Downtown,9364,58.24,98.71,18.46,11.964,1,0.9516,Random Forest Classifier,95.16,57.496946619728426,68.36483155299918,100.0,81.11120296553194,13,CRITICAL,Alambagh,Lucknow,26.813,80.918
Zone_31,52,Commercial_Downtown,9364,60.58,100.0,20.52,11.082,1,0.9398,Random Forest Classifier,93.97999999999999,57.496946619728426,71.11163282075361,96.57542224810716,80.6748765562989,16,CRITICAL,Alambagh,Lucknow,26.813,80.918
Zone_32,47,Commercial_Downtown,7248,28.93,16.02,63.23,-0.778,0,0.2628,Random Forest Classifier,26.279999999999998,42.29470507938789,33.95938490433149,50.52611143467287,35.4564699659142,179,MODERATE,Mahanagar,Lucknow,26.8755,80.9595
Zone_32,48,Commercial_Downtown,7248,24.76,15.41,61.88,-0.284,0,0.264,Random Forest Classifier,26.400000000000002,42.29470507938789,29.06444418358963,52.44418559503008,34.81319294581941,186,LOW,Mahanagar,Lucknow,26.8755,80.9595
Zone_32,49,Commercial_Downtown,7248,27.1,20.99,51.97,-2.321,0,0.3246,Random Forest Classifier,32.46,42.29470507938789,31.811245451344057,44.53504173946806,36.60018162103599,165,MODERATE,Mahanagar,Lucknow,26.8755,80.9595
Zone_32,50,Commercial_Downtown,7248,23.6,14.63,61.69,-0.034,0,0.1723,Random Forest Classifier,17.23,42.29470507938789,27.702782016668625,53.41487089885458,31.018463308008883,203,LOW,Mahanagar,Lucknow,26.8755,80.9595
Zone_32,51,Commercial_Downtown,7248,15.74,12.57,63.88,0.141,0,0.1874,Random Forest Classifier,18.740000000000002,42.29470507938789,18.476346989083225,54.09435061153174,29.87909825939338,206,LOW,Mahanagar,Lucknow,26.8755,80.9595
Zone_32,52,Commercial_Downtown,7248,12.25,6.93,62.79,-1.488,0,0.1822,Random Forest Classifier,18.22,42.29470507938789,14.37962202136401,47.769365171811295,27.90300544989147,215,LOW,Mahanagar,Lucknow,26.8755,80.9595
Zone_33,47,Commercial_Downtown,6945,23.66,14.25,61.78,-1.83,0,0.2681,Random Forest Classifier,26.810000000000002,40.11782455636181,27.773212818405916,46.44146767617938,33.27431885419854,197,LOW,Aminabad,Lucknow,26.8465,80.94
Zone_33,48,Commercial_Downtown,6945,29.33,22.89,63.01,-0.428,0,0.2746,Random Forest Classifier,27.46,40.11782455636181,34.42892358258011,51.88507086002717,35.68200148461055,178,MODERATE,Aminabad,Lucknow,26.8465,80.94
Zone_33,49,Commercial_Downtown,6945,32.85,37.28,45.03,0.303,1,0.507,Random Forest Classifier,50.7,40.11782455636181,38.56086395116798,54.72335468841002,46.23013213258555,114,MODERATE,Aminabad,Lucknow,26.8465,80.94
Zone_33,50,Commercial_Downtown,6945,27.55,15.73,62.24,4.758,0,0.1701,Random Forest Classifier,17.01,40.11782455636181,32.33947646437375,72.0209668025626,34.10449645234959,192,LOW,Aminabad,Lucknow,26.8465,80.94
Zone_33,51,Commercial_Downtown,6945,24.47,16.69,61.06,1.883,0,0.2527,Random Forest Classifier,25.27,40.11782455636181,28.724028641859373,60.85808580858085,35.010974738749454,185,MODERATE,Aminabad,Lucknow,26.8465,80.94
Zone_33,52,Commercial_Downtown,6945,33.47,25.5,59.03,-4.015,0,0.3497,Random Forest Classifier,34.97,40.11782455636181,39.28864890245334,37.95767812075324,37.56883763769411,160,MODERATE,Aminabad,Lucknow,26.8465,80.94
Zone_34,47,Industrial_Corridor,3320,43.81,46.44,53.49,2.448,1,0.5287,Random Forest Classifier,52.87,14.074286945901285,51.42622373518019,63.05183459522422,44.40959167279499,128,MODERATE,Chinhat,Lucknow,26.884,81.05
Zone_34,48,Industrial_Corridor,3320,45.79,53.15,48.61,1.454,1,0.5856,Random Forest Classifier,58.56,14.074286945901285,53.750440192510865,59.192389827218015,46.571518249060205,111,MODERATE,Chinhat,Lucknow,26.884,81.05
Zone_34,49,Industrial_Corridor,3320,40.88,68.71,34.46,-0.545,0,0.8033,Random Forest Classifier,80.33,14.074286945901285,47.986852917009045,51.43079013783731,52.962560840552726,69,MODERATE,Chinhat,Lucknow,26.884,81.05
Zone_34,50,Industrial_Corridor,3320,41.97,67.57,34.58,6.698,1,0.861,Random Forest Classifier,86.1,14.074286945901285,49.26634581523653,79.55348476024072,59.744863613558735,51,HIGH,Chinhat,Lucknow,26.884,81.05
Zone_34,51,Industrial_Corridor,3320,41.09,46.42,52.65,7.895,0,0.6028,Random Forest Classifier,60.28,14.074286945901285,48.23336072308957,84.20112599495243,49.9074127803361,87,MODERATE,Chinhat,Lucknow,26.884,81.05
Zone_34,52,Industrial_Corridor,3320,44.95,81.5,28.9,-2.133,1,0.908,Random Forest Classifier,90.8,14.074286945901285,52.76440896818876,45.26499708794409,57.18120309330469,57,HIGH,Chinhat,Lucknow,26.884,81.05
Zone_35,47,Residential,15280,30.6,12.27,60.73,-1.736,0,0.1934,Random Forest Classifier,19.34,100.0,35.919708886019485,46.80644535041739,46.940908579766514,108,MODERATE,Jankipuram,Lucknow,26.93,80.94
Zone_35,48,Residential,15280,32.41,26.93,52.05,-0.814,0,0.3053,Random Forest Classifier,30.53,100.0,38.04437140509449,50.38633275092215,52.37882419365722,73,MODERATE,Jankipuram,Lucknow,26.93,80.94
Zone_35,49,Residential,15280,30.1,16.78,63.42,3.633,0,0.1555,Random Forest Classifier,15.55,100.0,35.33278553820871,67.65288293535235,48.434489547944594,100,MODERATE,Jankipuram,Lucknow,26.93,80.94
Zone_35,50,Residential,15280,26.42,15.3,54.54,3.692,0,0.2115,Random Forest Classifier,21.15,100.0,31.013029698321404,67.88196466705494,49.844900639722525,88,MODERATE,Jankipuram,Lucknow,26.93,80.94
Zone_35,51,Residential,15280,25.21,13.88,62.65,-0.106,0,0.1857,Random Forest Classifier,18.57,100.0,29.59267519661932,53.135313531353134,46.31683206902683,113,MODERATE,Jankipuram,Lucknow,26.93,80.94
Zone_35,52,Residential,15280,27.5,16.36,64.17,-4.063,0,0.1882,Random Forest Classifier,18.82,100.0,32.280784129592675,37.77130654241895,44.64985280728138,126,MODERATE,Jankipuram,Lucknow,26.93,80.94
Zone_36,47,Residential,12737,39.38,32.64,55.94,9.87,0,0.4509,Random Forest Classifier,45.09,81.73000933975142,46.226082873576715,91.86953989516599,61.494149893928096,48,HIGH,Rajajipuram,Lucknow,26.833,80.89
Zone_36,48,Residential,12737,42.96,36.72,54.36,-5.537,0,0.5139,Random Forest Classifier,51.39,81.73000933975142,50.42845404390187,32.048145991069696,55.881415042378684,59,HIGH,Rajajipuram,Lucknow,26.833,80.89
Zone_36,49,Residential,12737,37.05,25.83,58.07,-13.791,0,0.3725,Random Forest Classifier,37.25,81.73000933975142,43.49102007277849,0.0,44.030706349493556,130,MODERATE,Rajajipuram,Lucknow,26.833,80.89
Zone_36,50,Residential,12737,41.07,42.61,55.31,-9.321,1,0.4617,Random Forest Classifier,46.17,81.73000933975142,48.209883789177134,17.355853232382064,51.145857077630595,78,MODERATE,Rajajipuram,Lucknow,26.833,80.89
Zone_36,51,Residential,12737,46.45,60.6,34.08,1.902,1,0.7387,Random Forest Classifier,73.87,81.73000933975142,54.525179011621084,60.93185789167151,70.02531682101281,31,HIGH,Rajajipuram,Lucknow,26.833,80.89
Zone_36,52,Residential,12737,47.3,59.07,35.71,8.842,1,0.7747,Random Forest Classifier,77.47,81.73000933975142,55.5229487028994,87.87808192583965,75.70680436439368,25,CRITICAL,Rajajipuram,Lucknow,26.833,80.89
Zone_37,47,Residential,11474,41.56,30.67,48.56,-0.64,0,0.398,Random Forest Classifier,39.800000000000004,72.65608161505855,48.7850686700317,51.061929722383994,51.50032359612858,77,MODERATE,Vrindavan Yojana,Lucknow,26.79,81.0
Zone_37,48,Residential,11474,45.98,23.21,60.18,3.327,0,0.2491,Random Forest Classifier,24.91,72.65608161505855,53.97347106467895,66.46476412347117,48.8924292352211,94,MODERATE,Vrindavan Yojana,Lucknow,26.79,81.0
Zone_37,49,Residential,11474,37.29,25.18,50.7,3.009,0,0.343,Random Forest Classifier,34.300000000000004,72.65608161505855,43.77274327972766,65.2300524170064,50.42307692226113,83,MODERATE,Vrindavan Yojana,Lucknow,26.79,81.0
Zone_37,50,Residential,11474,42.03,19.76,60.7,1.036,0,0.1607,Random Forest Classifier,16.07,72.65608161505855,49.33677661697383,57.56940399922345,43.094786327042925,135,MODERATE,Vrindavan Yojana,Lucknow,26.79,81.0
Zone_37,51,Residential,11474,46.15,21.47,58.83,-3.076,0,0.2451,Random Forest Classifier,24.51,72.65608161505855,54.173025002934615,41.60357212191807,45.04316122263928,122,MODERATE,Vrindavan Yojana,Lucknow,26.79,81.0
Zone_37,52,Residential,11474,46.77,22.03,61.07,-1.064,0,0.2954,Random Forest Classifier,29.54,72.65608161505855,54.90080995421999,49.41564744709765,48.372529511673285,101,MODERATE,Vrindavan Yojana,Lucknow,26.79,81.0
Zone_38,47,Commercial_Downtown,9035,36.5,11.7,64.08,-6.598,0,0.2469,Random Forest Classifier,24.69,55.13327106832387,42.845404390186644,27.928557561638517,36.41768227936408,167,MODERATE,T. Nagar,Chennai,13.0418,80.2341
Zone_38,48,Commercial_Downtown,9035,44.69,21.59,60.56,-9.357,0,0.2868,Random Forest Classifier,28.68,55.13327106832387,52.45920882732715,17.216074548631337,38.3295707148411,154,MODERATE,T. Nagar,Chennai,13.0418,80.2341
Zone_38,49,Commercial_Downtown,9035,53.64,28.87,57.58,-0.626,0,0.3327,Random Forest Classifier,33.269999999999996,55.13327106832387,62.96513675314004,51.116288099398176,47.351788332618696,106,MODERATE,T. Nagar,Chennai,13.0418,80.2341
Zone_38,50,Commercial_Downtown,9035,49.13,25.99,54.04,5.18,0,0.3389,Random Forest Classifier,33.89,55.13327106832387,57.67108815588684,73.65948359541837,49.922457937571096,86,MODERATE,T. Nagar,Chennai,13.0418,80.2341
Zone_38,51,Commercial_Downtown,9035,51.11,25.52,59.99,5.015,1,0.3398,Random Forest Classifier,33.98,55.13327106832387,59.99530461321751,73.0188312948942,50.3272033839586,84,MODERATE,T. Nagar,Chennai,13.0418,80.2341
Zone_38,52,Commercial_Downtown,9035,46.63,27.03,58.27,0.891,0,0.3664,Random Forest Classifier,36.64,55.13327106832387,54.73647141683296,57.00640652300524,47.93757302889834,104,MODERATE,T. Nagar,Chennai,13.0418,80.2341
Zone_39,47,Industrial_Corridor,2566,30.01,35.85,56.16,3.13,0,0.3674,Random Forest Classifier,36.74,8.657231122925497,35.22713933560277,65.69986410405745,33.76071526346055,195,LOW,Anna Nagar,Chennai,13.085,80.2101
Zone_39,48,Industrial_Corridor,2566,35.0,43.21,52.88,-1.509,0,0.5502,Random Forest Classifier,55.02,8.657231122925497,41.08463434675432,47.687827606290035,39.54240879102575,151,MODERATE,Anna Nagar,Chennai,13.085,80.2101
Zone_39,49,Industrial_Corridor,2566,29.13,32.84,54.24,-1.395,0,0.3645,Random Forest Classifier,36.449999999999996,8.657231122925497,34.194154243455806,48.13046010483401,30.802707645147635,204,LOW,Anna Nagar,Chennai,13.085,80.2101
Zone_39,50,Industrial_Corridor,2566,26.53,29.8,55.94,-2.282,0,0.3202,Random Forest Classifier,32.019999999999996,8.657231122925497,31.14215283483977,44.68646864686468,27.90370864472903,214,LOW,Anna Nagar,Chennai,13.085,80.2101
Zone_39,51,Industrial_Corridor,2566,39.85,57.46,48.92,-2.852,0,0.5494,Random Forest Classifier,54.94,8.657231122925497,46.777790820518845,42.47330615414482,39.86686186795687,150,MODERATE,Anna Nagar,Chennai,13.085,80.2101
Zone_39,52,Industrial_Corridor,2566,33.86,64.0,34.44,3.971,0,0.7402,Random Forest Classifier,74.02,8.657231122925497,39.74644911374575,68.96524946612308,50.066385023398986,85,MODERATE,Anna Nagar,Chennai,13.085,80.2101
Zone_40,47,University_District,7930,48.4,50.02,50.16,-2.838,0,0.6812,Random Forest Classifier,68.12,47.194482362238666,56.81418006808311,42.52766453115899,56.78860628385014,58,HIGH,Velachery,Chennai,12.9815,80.218
Zone_40,48,University_District,7930,47.49,75.35,34.13,-2.587,1,0.8534,Random Forest Classifier,85.34,47.194482362238666,55.745979575067494,43.50223257619879,63.609151392002985,43,HIGH,Velachery,Chennai,12.9815,80.218
Zone_40,49,University_District,7930,49.42,75.47,31.77,3.249,1,0.8903,Random Forest Classifier,89.03,47.194482362238666,58.011503697617094,66.16191030867792,68.93720787638478,33,HIGH,Velachery,Chennai,12.9815,80.218
Zone_40,50,University_District,7930,42.31,68.86,33.8,9.844,1,0.8918,Random Forest Classifier,89.18,47.194482362238666,49.665453691747864,91.76858862356822,71.16899962244447,30,HIGH,Velachery,Chennai,12.9815,80.218
Zone_40,51,University_District,7930,40.06,41.72,56.03,5.664,1,0.5831,Random Forest Classifier,58.309999999999995,47.194482362238666,47.02429862659937,75.53873034362259,55.858289867422926,60,HIGH,Velachery,Chennai,12.9815,80.218
Zone_40,52,University_District,7930,42.57,67.03,35.51,-10.75,1,0.8703,Random Forest Classifier,87.03,47.194482362238666,49.970653832609464,11.807416035721218,58.37586376243974,53,HIGH,Velachery,Chennai,12.9815,80.218
Zone_41,47,Highway_Junction,2549,26.46,51.6,41.09,1.784,1,0.7387,Random Forest Classifier,73.87,8.535095912062648,31.059983566146265,60.473694428266356,46.96482485548487,107,MODERATE,Adyar,Chennai,13.0063,80.2574
Zone_41,48,Highway_Junction,2549,28.34,50.47,39.77,1.284,0,0.7756,Random Forest Classifier,77.56,8.535095912062648,33.26681535391478,58.53232382061735,48.59098562189122,98,MODERATE,Adyar,Chennai,13.0063,80.2574
Zone_41,49,Highway_Junction,2549,27.86,51.16,42.91,0.791,1,0.7228,Random Forest Classifier,72.28,8.535095912062648,32.70336894001644,56.61813240147544,46.07916762624026,115,MODERATE,Adyar,Chennai,13.0063,80.2574
Zone_41,50,Highway_Junction,2549,26.14,28.67,58.92,4.099,0,0.3918,Random Forest Classifier,39.18,8.535095912062648,30.68435262354737,69.46224034168122,34.36198055397732,189,LOW,Adyar,Chennai,13.0063,80.2574
Zone_41,51,Highway_Junction,2549,24.99,29.16,55.39,-6.81,1,0.3561,Random Forest Classifier,35.61,8.535095912062648,29.33442892358258,27.105416423995344,26.310472226331477,221,LOW,Adyar,Chennai,13.0063,80.2574
Zone_41,52,Highway_Junction,2549,23.96,37.46,44.94,-8.642,0,0.607,Random Forest Classifier,60.699999999999996,8.535095912062648,28.125366827092385,19.992234517569404,35.037682521069556,184,MODERATE,Adyar,Chennai,13.0063,80.2574
Zone_42,47,University_District,7369,36.0,32.39,59.69,1.768,1,0.391,Random Forest Classifier,39.1,43.16402040376464,42.25848104237587,60.41157056882158,43.94443689473957,131,MODERATE,Guindy,Chennai,13.0067,80.2206
Zone_42,48,University_District,7369,33.27,24.01,58.88,2.043,0,0.3209,Random Forest Classifier,32.09,43.16402040376464,39.05387956332903,61.479324403028535,40.65967967406125,145,MODERATE,Guindy,Chennai,13.0067,80.2206
Zone_42,49,University_District,7369,28.24,24.21,59.73,-1.514,1,0.3102,Random Forest Classifier,31.019999999999996,43.16402040376464,33.14943068435262,47.66841390021355,36.979153322843715,162,MODERATE,Guindy,Chennai,13.0067,80.2206
Zone_42,50,University_District,7369,43.34,46.98,47.34,-2.407,1,0.6402,Random Forest Classifier,64.02,43.16402040376464,50.874515788238064,44.201125994952434,53.20407715783164,67,MODERATE,Guindy,Chennai,13.0067,80.2206
Zone_42,51,University_District,7369,34.72,29.69,57.48,4.397,0,0.3536,Random Forest Classifier,35.36,43.16402040376464,40.75595727198028,70.61929722384004,43.67909113891322,133,MODERATE,Guindy,Chennai,13.0067,80.2206
Zone_42,52,University_District,7369,39.88,41.53,53.87,3.981,0,0.4792,Random Forest Classifier,47.92,43.16402040376464,46.8130062213875,69.00407687827605,49.67221787696007,89,MODERATE,Guindy,Chennai,13.0067,80.2206
Zone_43,47,Commercial_Downtown,3988,26.13,17.64,60.27,1.69,0,0.1687,Random Forest Classifier,16.869999999999997,18.873482290394424,30.67261415659115,60.108716754028336,26.617200917021087,219,LOW,Tambaram,Chennai,12.9249,80.1
Zone_43,48,Commercial_Downtown,3988,26.29,14.02,62.05,4.295,0,0.1662,Random Forest Classifier,16.619999999999997,18.873482290394424,30.860429627890596,70.22325761987962,28.071945141158665,212,LOW,Tambaram,Chennai,12.9249,80.1
Zone_43,49,Commercial_Downtown,3988,17.46,8.26,67.82,1.95,0,0.1031,Random Forest Classifier,10.31,18.873482290394424,20.495363305552296,61.118229470005815,22.109177654209937,245,LOW,Tambaram,Chennai,12.9249,80.1
Zone_43,50,Commercial_Downtown,3988,19.72,6.33,62.51,-2.888,0,0.1823,Random Forest Classifier,18.23,18.873482290394424,23.148256837657,42.333527470394095,22.990051060689122,236,LOW,Tambaram,Chennai,12.9249,80.1
Zone_43,51,Commercial_Downtown,3988,17.48,9.49,64.55,-3.969,0,0.1884,Random Forest Classifier,18.84,18.873482290394424,20.518840239464726,38.13628421665696,22.078581252990094,246,LOW,Tambaram,Chennai,12.9249,80.1
Zone_43,52,Commercial_Downtown,3988,20.74,11.67,63.41,-1.552,0,0.1911,Random Forest Classifier,19.11,18.873482290394424,24.345580467190985,47.520869734032225,24.35961712614164,229,LOW,Tambaram,Chennai,12.9249,80.1
Zone_44,47,Suburban_LowDensity,3720,1.48,7.78,59.75,-2.292,0,0.1878,Random Forest Classifier,18.78,16.948056613262448,1.737293109519897,44.647641234711706,18.793618960426347,275,LOW,Porur,Chennai,13.0358,80.156
Zone_44,48,Suburban_LowDensity,3720,7.01,9.19,64.33,0.058,0,0.1638,Random Forest Classifier,16.38,16.948056613262448,8.228665336307078,53.772083090662,20.50055968417633,260,LOW,Porur,Chennai,13.0358,80.156
Zone_44,49,Suburban_LowDensity,3720,11.09,8.15,63.69,1.677,0,0.15,Random Forest Classifier,15.0,16.948056613262448,13.01795985444301,60.05824111822946,21.849342291938633,249,LOW,Porur,Chennai,13.0358,80.156
Zone_44,50,Suburban_LowDensity,3720,8.11,7.84,63.05,1.17,0,0.1604,Random Forest Classifier,16.04,16.948056613262448,9.519896701490785,58.08969132207338,21.270447191924777,255,LOW,Porur,Chennai,13.0358,80.156
Zone_44,51,Suburban_LowDensity,3720,4.93,8.96,62.88,-0.086,0,0.1544,Random Forest Classifier,15.440000000000001,16.948056613262448,5.78706420941425,53.212968355659086,19.552372248547325,269,LOW,Porur,Chennai,13.0358,80.156
Zone_44,52,Suburban_LowDensity,3720,5.82,5.68,55.27,-0.1,0,0.1322,Random Forest Classifier,13.22,16.948056613262448,6.831787768517432,53.15860997864492,18.86516320381584,273,LOW,Porur,Chennai,13.0358,80.156
Zone_45,47,Highway_Junction,2987,35.93,15.79,61.15,-1.546,0,0.2023,Random Forest Classifier,20.23,11.68187369782312,42.17631177368236,47.544166181324016,26.579355706390853,220,LOW,Mylapore,Chennai,13.0339,80.2676
Zone_45,48,Highway_Junction,2987,34.84,15.68,63.88,0.049,0,0.2149,Random Forest Classifier,21.490000000000002,11.68187369782312,40.89681887545487,53.73713841972432,27.756402962505405,216,LOW,Mylapore,Chennai,13.0339,80.2676
Zone_45,49,Highway_Junction,2987,37.36,22.32,59.16,0.824,0,0.279,Random Forest Classifier,27.900000000000002,11.68187369782312,43.854912548421176,56.74626286158026,31.363390363377057,201,LOW,Mylapore,Chennai,13.0339,80.2676
Zone_45,50,Highway_Junction,2987,43.28,22.47,59.41,0.874,0,0.3144,Random Forest Classifier,31.44,11.68187369782312,50.80408498650076,56.94039992234517,34.198345410107706,191,LOW,Mylapore,Chennai,13.0339,80.2676
Zone_45,51,Highway_Junction,2987,33.0,19.08,63.39,2.668,0,0.1757,Random Forest Classifier,17.57,11.68187369782312,38.736940955511216,63.906037662589775,27.28176226494649,218,LOW,Mylapore,Chennai,13.0339,80.2676
Zone_45,52,Highway_Junction,2987,35.42,25.82,48.83,1.035,1,0.3973,Random Forest Classifier,39.73,11.68187369782312,41.577649958915366,57.56552125800815,35.762826604940074,176,MODERATE,Mylapore,Chennai,13.0339,80.2676
Zone_46,47,University_District,8049,19.91,20.41,61.51,-1.423,0,0.2368,Random Forest Classifier,23.68,48.049428838278615,23.371287709825097,48.021743350805664,33.36187625415552,196,LOW,Nungambakkam,Chennai,13.0569,80.2425
Zone_46,48,University_District,8049,23.63,19.9,60.91,-2.086,0,0.2552,Random Forest Classifier,25.52,48.049428838278615,27.73799741753727,45.44748592506309,34.585079581836574,188,LOW,Nungambakkam,Chennai,13.0569,80.2425
Zone_46,49,University_District,8049,26.73,37.85,46.33,-1.126,0,0.4826,Random Forest Classifier,48.26,48.049428838278615,31.376922173964083,49.17491749174918,44.96797926812485,125,MODERATE,Nungambakkam,Chennai,13.0569,80.2425
Zone_46,50,University_District,8049,26.45,19.59,63.57,5.763,0,0.2036,Random Forest Classifier,20.36,48.049428838278615,31.048245099190048,75.9231217239371,37.75447448799823,159,MODERATE,Nungambakkam,Chennai,13.0569,80.2425
Zone_46,51,University_District,8049,32.66,51.81,42.25,1.549,1,0.6396,Random Forest Classifier,63.959999999999994,48.049428838278615,38.33783307899988,59.56125024267131,54.19811136177033,65,MODERATE,Nungambakkam,Chennai,13.0569,80.2425
Zone_46,52,University_District,8049,27.14,25.59,59.78,7.747,0,0.2352,Random Forest Classifier,23.52,48.049428838278615,31.858199319168918,83.62648029508833,40.335969117666686,147,MODERATE,Nungambakkam,Chennai,13.0569,80.2425
Zone_47,47,University_District,8056,33.86,27.95,59.23,-0.199,0,0.3391,Random Forest Classifier,33.910000000000004,48.09971980745743,39.74644911374575,52.774218598330414,41.45435256436307,138,MODERATE,Perambur,Chennai,13.1167,80.2333
Zone_47,48,University_District,8056,28.64,24.2,60.83,-0.463,0,0.285,Random Forest Classifier,28.499999999999996,48.09971980745743,33.61896936260125,51.74917491749175,37.91110006200837,157,MODERATE,Perambur,Chennai,13.1167,80.2333
Zone_47,49,University_District,8056,35.09,41.44,47.77,0.51,0,0.5791,Random Forest Classifier,57.91,48.09971980745743,41.19028054936026,55.5270821199767,51.75604837973292,76,MODERATE,Perambur,Chennai,13.1167,80.2333
Zone_47,50,University_District,8056,39.23,33.86,57.24,4.428,1,0.3424,Random Forest Classifier,34.239999999999995,48.09971980745743,46.05000586923347,70.73966220151426,45.5418804559382,119,MODERATE,Perambur,Chennai,13.1167,80.2333
Zone_47,51,University_District,8056,35.78,32.99,58.05,3.497,1,0.3753,Random Forest Classifier,37.53,48.09971980745743,42.00023476933913,67.12483013007183,45.50570142524296,120,MODERATE,Perambur,Chennai,13.1167,80.2333
Zone_47,52,University_District,8056,37.7,32.44,56.53,1.879,0,0.3759,Random Forest Classifier,37.59,48.09971980745743,44.25402042493251,60.84255484371967,45.03811726340881,123,MODERATE,Perambur,Chennai,13.1167,80.2333
Zone_48,47,Industrial_Corridor,3999,16.04,9.11,61.5,0.413,0,0.1173,Random Forest Classifier,11.73,18.952510956246858,18.82850099776969,55.15045622209279,21.468396371929572,251,LOW,Ambattur,Chennai,13.1143,80.1486
Zone_48,48,Industrial_Corridor,3999,12.89,11.01,64.31,0.26,0,0.1352,Random Forest Classifier,13.52,18.952510956246858,15.130883906561804,54.556396816152194,21.355764042796906,252,LOW,Ambattur,Chennai,13.1143,80.1486
Zone_48,49,Industrial_Corridor,3999,11.49,9.29,55.81,-0.052,0,0.1794,Random Forest Classifier,17.94,18.952510956246858,13.48749853269163,53.34498155697922,22.613374679146926,241,LOW,Ambattur,Chennai,13.1143,80.1486
Zone_48,50,Industrial_Corridor,3999,18.02,15.95,62.48,-1.172,0,0.1813,Random Forest Classifier,18.13,18.952510956246858,21.152717455100365,48.99631139584546,23.570117939458605,234,LOW,Ambattur,Chennai,13.1143,80.1486
Zone_48,51,Industrial_Corridor,3999,22.46,20.14,51.24,1.88,1,0.2451,Random Forest Classifier,24.51,18.952510956246858,26.364596783660055,60.846437584934954,28.94201273353397,209,LOW,Ambattur,Chennai,13.1143,80.1486
Zone_48,52,Industrial_Corridor,3999,19.45,13.8,51.44,3.405,0,0.2233,Random Forest Classifier,22.33,18.952510956246858,22.83131822983918,66.76761793826441,28.251534075769214,211,LOW,Ambattur,Chennai,13.1143,80.1486
Zone_49,47,University_District,11539,60.18,64.98,45.61,-1.028,0,0.7404,Random Forest Classifier,74.03999999999999,73.12306918600474,70.64209414250499,49.555426130848375,69.45850004462943,32,HIGH,Sholinganallur,Chennai,12.901,80.2279
Zone_49,48,University_District,11539,56.18,60.58,43.61,-4.359,0,0.639,Random Forest Classifier,63.9,73.12306918600474,65.94670736001879,36.62201514269074,62.52341103990856,46,HIGH,Sholinganallur,Chennai,12.901,80.2279
Zone_49,49,University_District,11539,59.38,88.29,26.8,3.393,1,0.9328,Random Forest Classifier,93.28,73.12306918600474,69.70301678600775,66.72102504368084,79.54152441025488,20,CRITICAL,Sholinganallur,Chennai,12.901,80.2279
Zone_49,50,University_District,11539,60.01,85.31,24.82,10.972,1,0.9128,Random Forest Classifier,91.28,73.12306918600474,70.44254020424933,96.14832071442436,83.3035234445147,12,CRITICAL,Sholinganallur,Chennai,12.901,80.2279
Zone_49,51,University_District,11539,64.53,96.49,20.52,8.87,1,0.9339,Random Forest Classifier,93.39,73.12306918600474,75.74832726845874,87.98679867986799,83.98445255217314,9,CRITICAL,Sholinganallur,Chennai,12.901,80.2279
Zone_49,52,University_District,11539,60.12,86.92,22.94,10.475,1,0.9615,Random Forest Classifier,96.15,73.12306918600474,70.5716633407677,94.21859833042127,84.98788971421791,7,CRITICAL,Sholinganallur,Chennai,12.901,80.2279
Zone_50,47,University_District,11592,85.19,80.7,36.7,3.926,1,0.8703,Random Forest Classifier,87.03,73.5038436669301,100.0,68.79052611143466,83.50653983344772,11,CRITICAL,Egmore,Chennai,13.0732,80.2609
Zone_50,48,University_District,11592,77.84,69.03,43.06,5.301,1,0.7321,Random Forest Classifier,73.21,73.5038436669301,91.3722267871816,74.12929528246941,77.05380056653927,24,CRITICAL,Egmore,Chennai,13.0732,80.2609
Zone_50,49,University_District,11592,83.61,77.52,35.63,1.927,1,0.8196,Random Forest Classifier,81.96,73.5038436669301,98.14532222091795,61.028926422053964,79.9433643242242,19,CRITICAL,Egmore,Chennai,13.0732,80.2609
Zone_50,50,University_District,11592,75.18,69.63,45.05,-0.561,1,0.7646,Random Forest Classifier,76.46,73.5038436669301,88.24979457682828,51.36866627839254,74.31521977385707,28,HIGH,Egmore,Chennai,13.0732,80.2609
Zone_50,51,University_District,11592,79.06,100.0,14.07,-2.472,1,0.9343,Random Forest Classifier,93.43,73.5038436669301,92.8043197558399,43.948747815958065,80.90113704029422,14,CRITICAL,Egmore,Chennai,13.0732,80.2609
Zone_50,52,University_District,11592,70.44,64.17,42.1,8.502,1,0.7328,Random Forest Classifier,73.28,73.5038436669301,82.6857612395821,86.5579499126383,77.2088056515447,23,CRITICAL,Egmore,Chennai,13.0732,80.2609
