session_id,location_id,camera_id,observation_date,week_id,timestamp_seconds,observation_sequence,source_type,vehicle_count,tracked_vehicle_count,moving_vehicle_count,slow_vehicle_count,stopped_vehicle_count,moving_vehicle_percentage,slow_vehicle_percentage,stopped_vehicle_percentage,average_pixel_speed,median_pixel_speed,vehicle_density_proxy,movement_congestion_score,vision_congestion_score,camera_congestion,traffic_state,camera_traffic_state,vehicle_density_score
session_001,loc_01,cam_01,2026-08-15,1,0.167,1,CAMERA_LIVE,16,16,0,0,16,0.0,0.0,100.0,0.0,0.0,76.19,80.0,75.5,77.75,SEVERE,SEVERE,68.75
session_001,loc_01,cam_01,2026-08-15,1,0.333,2,CAMERA_LIVE,16,16,3,12,1,18.75,75.0,6.25,6.190097724491745,5.1418878951402025,76.19,27.5,44.0,35.75,MODERATE,MODERATE,68.75
session_001,loc_01,cam_01,2026-08-15,1,0.5,3,CAMERA_LIVE,17,17,2,13,2,11.76470588235294,76.47058823529412,11.76470588235294,5.289733103152821,4.234172342434417,80.95,32.352941176470594,49.41176470588236,40.88,MODERATE,MODERATE,75.0
session_001,loc_01,cam_01,2026-08-15,1,0.667,4,CAMERA_LIVE,17,17,2,15,0,11.76470588235294,88.23529411764706,0.0,5.855146727807347,5.988023952095807,80.95,26.47058823529412,45.88235294117647,36.18,MODERATE,MODERATE,75.0
session_001,loc_01,cam_01,2026-08-15,1,0.833,5,CAMERA_LIVE,18,18,0,14,4,0.0,77.77777777777779,22.22222222222222,3.633664096740106,3.635863798754663,85.71,41.11111111111112,57.16666666666667,49.14,HIGH,MODERATE,81.25
session_001,loc_01,cam_01,2026-08-15,1,1.0,6,CAMERA_LIVE,18,18,0,12,6,0.0,66.66666666666666,33.33333333333333,3.1991592601520047,3.61409215924116,85.71,46.66666666666666,60.49999999999999,53.58,HIGH,MODERATE,81.25
session_001,loc_01,cam_01,2026-08-15,1,1.167,7,CAMERA_LIVE,18,18,0,17,1,0.0,94.44444444444444,5.555555555555555,4.10127316192488,3.61409215924116,85.71,32.77777777777778,52.16666666666667,42.47,MODERATE,MODERATE,81.25
session_001,loc_01,cam_01,2026-08-15,1,1.333,8,CAMERA_LIVE,18,18,1,15,2,5.555555555555555,83.33333333333334,11.11111111111111,5.375237197937162,6.024096385542172,85.71,33.888888888888886,52.83333333333333,43.36,MODERATE,MODERATE,81.25
session_001,loc_01,cam_01,2026-08-15,1,1.5,9,CAMERA_LIVE,18,18,6,11,1,33.33333333333333,61.11111111111112,5.555555555555555,7.600558248058767,8.72519030650627,85.71,22.77777777777778,46.16666666666666,34.47,MODERATE,MODERATE,81.25
session_001,loc_01,cam_01,2026-08-15,1,1.667,10,CAMERA_LIVE,18,18,5,13,0,27.77777777777778,72.22222222222221,0.0,7.931516591546805,6.341419127993696,85.71,21.666666666666664,45.5,33.58,MODERATE,MODERATE,81.25
session_001,loc_01,cam_01,2026-08-15,1,1.833,11,CAMERA_LIVE,17,17,0,16,1,0.0,94.11764705882352,5.88235294117647,4.762057814012626,4.2596794047382405,80.95,32.94117647058823,49.76470588235294,41.35,MODERATE,MODERATE,75.0
session_001,loc_01,cam_01,2026-08-15,1,2.0,12,CAMERA_LIVE,18,18,1,14,3,5.555555555555555,77.77777777777779,16.666666666666664,4.881820866358974,3.61409215924116,85.71,36.66666666666666,54.49999999999999,45.58,MODERATE,MODERATE,81.25
session_001,loc_01,cam_01,2026-08-15,1,2.167,13,CAMERA_LIVE,18,18,0,13,5,0.0,72.22222222222221,27.77777777777778,2.934295795872833,2.994011976047908,85.71,43.888888888888886,58.83333333333333,51.36,HIGH,MODERATE,81.25
session_001,loc_01,cam_01,2026-08-15,1,2.333,14,CAMERA_LIVE,18,18,0,12,6,0.0,66.66666666666666,33.33333333333333,3.2281238060007187,3.012048192771078,85.71,46.66666666666666,60.49999999999999,53.58,HIGH,MODERATE,81.25
session_001,loc_01,cam_01,2026-08-15,1,2.5,15,CAMERA_LIVE,17,17,2,12,3,11.76470588235294,70.58823529411765,17.647058823529413,4.140835792651246,2.994011976047908,80.95,35.294117647058826,51.17647058823529,43.24,MODERATE,MODERATE,75.0
session_001,loc_01,cam_01,2026-08-15,1,2.667,16,CAMERA_LIVE,17,17,0,14,3,0.0,82.35294117647058,17.647058823529413,4.941035556033917,5.988023952095815,80.95,38.8235294117647,53.294117647058826,46.06,MODERATE,MODERATE,75.0
session_001,loc_01,cam_01,2026-08-15,1,2.833,17,CAMERA_LIVE,18,18,0,16,2,0.0,88.88888888888889,11.11111111111111,5.459620105852832,6.024096385542156,85.71,35.55555555555556,53.83333333333333,44.69,MODERATE,MODERATE,81.25
session_001,loc_01,cam_01,2026-08-15,1,3.0,18,CAMERA_LIVE,18,18,3,14,1,16.666666666666664,77.77777777777779,5.555555555555555,6.985130022961872,5.988023952095815,85.71,27.77777777777778,49.16666666666667,38.47,MODERATE,MODERATE,81.25
session_001,loc_01,cam_01,2026-08-15,1,3.167,19,CAMERA_LIVE,19,19,0,15,4,0.0,78.94736842105263,21.052631578947366,4.033178923711326,4.234172342434421,90.48,40.526315789473685,59.315789473684205,49.92,HIGH,MODERATE,87.5
session_001,loc_01,cam_01,2026-08-15,1,3.333,20,CAMERA_LIVE,20,20,0,13,7,0.0,65.0,35.0,3.146524431775922,3.012048192771078,95.24,47.5,66.0,56.75,HIGH,HIGH,93.75
session_001,loc_01,cam_01,2026-08-15,1,3.5,21,CAMERA_LIVE,20,20,1,12,7,5.0,60.0,35.0,3.4784532900448824,2.994011976047908,95.24,46.0,65.1,55.55,HIGH,HIGH,93.75
session_001,loc_01,cam_01,2026-08-15,1,3.667,22,CAMERA_LIVE,20,20,1,12,7,5.0,60.0,35.0,3.0279599943734103,2.994011976047908,95.24,46.0,65.1,55.55,HIGH,HIGH,93.75
session_001,loc_01,cam_01,2026-08-15,1,3.833,23,CAMERA_LIVE,21,21,2,19,0,9.523809523809524,90.47619047619048,0.0,6.024052290417479,6.024096385542156,100.0,27.142857142857142,56.285714285714285,41.71,HIGH,MODERATE,100.0
session_001,loc_01,cam_01,2026-08-15,1,4.0,24,CAMERA_LIVE,19,19,1,13,5,5.263157894736842,68.42105263157895,26.31578947368421,4.466900867213902,2.994011976047908,90.48,41.57894736842105,59.94736842105263,50.76,HIGH,MODERATE,87.5
session_001,loc_01,cam_01,2026-08-15,1,4.167,25,CAMERA_LIVE,19,19,0,7,12,0.0,36.84210526315789,63.1578947368421,1.428379310155372,0.0,90.48,61.578947368421055,71.94736842105263,66.76,HIGH,HIGH,87.5
session_001,loc_01,cam_01,2026-08-15,1,4.333,26,CAMERA_LIVE,19,19,0,4,15,0.0,21.052631578947366,78.94736842105263,0.6341154090044374,0.0,90.48,69.4736842105263,76.68421052631578,73.08,SEVERE,HIGH,87.5
session_001,loc_01,cam_01,2026-08-15,1,4.5,27,CAMERA_LIVE,5,5,5,0,0,100.0,0.0,0.0,193.81361515436143,135.49351495790148,23.81,0.0,0.0,0.0,LOW,LOW,0.0
session_001,loc_01,cam_01,2026-08-15,1,4.667,28,CAMERA_LIVE,17,17,5,0,12,29.411764705882355,0.0,70.58823529411765,21.5159011186764,0.0,80.95,56.47058823529412,63.88235294117647,60.18,HIGH,HIGH,75.0
session_001,loc_01,cam_01,2026-08-15,1,4.833,29,CAMERA_LIVE,17,17,11,6,0,64.70588235294117,35.294117647058826,0.0,19.26160979648504,17.56310811700388,80.95,10.588235294117649,36.35294117647059,23.47,MODERATE,LOW,75.0
session_001,loc_01,cam_01,2026-08-15,1,5.0,30,CAMERA_LIVE,18,18,10,7,1,55.55555555555556,38.88888888888889,5.555555555555555,12.924331053843716,11.569845660301883,85.71,16.111111111111114,42.16666666666667,29.14,MODERATE,LOW,81.25
session_001,loc_01,cam_01,2026-08-15,1,5.167,31,CAMERA_LIVE,17,17,13,4,0,76.47058823529412,23.52941176470588,0.0,16.54647954110631,18.211863863168343,80.95,7.0588235294117645,34.23529411764706,20.65,MODERATE,LOW,75.0
session_001,loc_01,cam_01,2026-08-15,1,5.333,32,CAMERA_LIVE,16,16,15,1,0,93.75,6.25,0.0,23.909462064326355,23.23196202073875,76.19,1.875,28.625,15.25,LOW,LOW,68.75
session_001,loc_01,cam_01,2026-08-15,1,5.5,33,CAMERA_LIVE,16,16,16,0,0,100.0,0.0,0.0,24.233121868893434,24.85967289463488,76.19,0.0,27.5,13.75,LOW,LOW,68.75
session_001,loc_01,cam_01,2026-08-15,1,5.667,34,CAMERA_LIVE,17,17,15,2,0,88.23529411764706,11.76470588235294,0.0,30.096977427863035,27.111931551309663,80.95,3.5294117647058822,32.11764705882353,17.82,MODERATE,LOW,75.0
session_001,loc_01,cam_01,2026-08-15,1,5.833,35,CAMERA_LIVE,16,16,15,1,0,93.75,6.25,0.0,30.80618221861125,31.578868435925497,76.19,1.875,28.625,15.25,LOW,LOW,68.75
session_001,loc_01,cam_01,2026-08-15,1,6.0,36,CAMERA_LIVE,15,15,13,2,0,86.66666666666667,13.333333333333334,0.0,24.88324499603884,27.603426518841008,71.43,4.0,27.4,15.7,LOW,LOW,62.5
session_001,loc_01,cam_01,2026-08-15,1,6.167,37,CAMERA_LIVE,17,17,14,2,1,82.35294117647058,11.76470588235294,5.88235294117647,24.216248719109444,27.603426518841008,80.95,8.23529411764706,34.94117647058823,21.59,MODERATE,LOW,75.0
session_001,loc_01,cam_01,2026-08-15,1,6.333,38,CAMERA_LIVE,19,19,16,1,2,84.21052631578947,5.263157894736842,10.526315789473683,23.34519473570824,24.096385542168623,90.48,10.0,41.0,25.5,MODERATE,LOW,87.5
session_001,loc_01,cam_01,2026-08-15,1,6.5,39,CAMERA_LIVE,19,19,16,2,1,84.21052631578947,10.526315789473683,5.263157894736842,21.717519911743626,21.79673619545068,90.48,7.368421052631579,39.42105263157895,23.39,MODERATE,LOW,87.5
session_001,loc_01,cam_01,2026-08-15,1,6.667,40,CAMERA_LIVE,20,20,18,2,0,90.0,10.0,0.0,21.50091937455192,20.238326953896205,95.24,3.0,39.3,21.15,MODERATE,LOW,93.75
session_001,loc_01,cam_01,2026-08-15,1,6.833,41,CAMERA_LIVE,20,20,14,6,0,70.0,30.0,0.0,18.72505340224528,15.64030844447964,95.24,9.0,42.9,25.95,MODERATE,LOW,93.75
session_001,loc_01,cam_01,2026-08-15,1,7.0,42,CAMERA_LIVE,17,17,12,5,0,70.58823529411765,29.411764705882355,0.0,14.333288947249413,13.389628607783187,80.95,8.823529411764707,35.294117647058826,22.06,MODERATE,LOW,75.0
session_001,loc_01,cam_01,2026-08-15,1,7.167,43,CAMERA_LIVE,17,17,14,3,0,82.35294117647058,17.647058823529413,0.0,26.129921507365253,24.13849625239089,80.95,5.294117647058824,33.1764705882353,19.24,MODERATE,LOW,75.0
session_001,loc_01,cam_01,2026-08-15,1,7.333,44,CAMERA_LIVE,18,18,15,1,2,83.33333333333334,5.555555555555555,11.11111111111111,26.396011492530743,27.769712220761647,85.71,10.555555555555554,38.83333333333333,24.69,MODERATE,LOW,81.25
session_001,loc_01,cam_01,2026-08-15,1,7.5,45,CAMERA_LIVE,17,17,17,0,0,100.0,0.0,0.0,30.43129938807041,28.40369155839865,80.95,0.0,30.0,15.0,MODERATE,LOW,75.0
session_001,loc_01,cam_01,2026-08-15,1,7.667,46,CAMERA_LIVE,17,17,17,0,0,100.0,0.0,0.0,35.15238662538209,29.940119760479075,80.95,0.0,30.0,15.0,MODERATE,LOW,75.0
session_001,loc_01,cam_01,2026-08-15,1,7.833,47,CAMERA_LIVE,17,17,15,1,1,88.23529411764706,5.88235294117647,5.88235294117647,32.554810315040974,30.71698502164321,80.95,6.470588235294118,33.88235294117647,20.18,MODERATE,LOW,75.0
session_001,loc_01,cam_01,2026-08-15,1,8.0,48,CAMERA_LIVE,16,16,16,0,0,100.0,0.0,0.0,51.38174465915691,47.370234995648616,76.19,0.0,27.5,13.75,LOW,LOW,68.75
session_001,loc_01,cam_01,2026-08-15,1,8.167,49,CAMERA_LIVE,15,15,15,0,0,100.0,0.0,0.0,55.23547468604397,46.4795649588624,71.43,0.0,25.0,12.5,LOW,LOW,62.5
session_001,loc_01,cam_01,2026-08-15,1,8.333,50,CAMERA_LIVE,15,15,15,0,0,100.0,0.0,0.0,61.39571435851159,56.83121163889507,71.43,0.0,25.0,12.5,LOW,LOW,62.5
session_001,loc_01,cam_01,2026-08-15,1,8.5,51,CAMERA_LIVE,16,16,16,0,0,100.0,0.0,0.0,63.717393682234885,62.18874336873036,76.19,0.0,27.5,13.75,LOW,LOW,68.75
session_001,loc_01,cam_01,2026-08-15,1,8.667,52,CAMERA_LIVE,16,16,16,0,0,100.0,0.0,0.0,57.0159032484556,54.22794421981874,76.19,0.0,27.5,13.75,LOW,LOW,68.75
session_001,loc_01,cam_01,2026-08-15,1,8.833,53,CAMERA_LIVE,14,14,14,0,0,100.0,0.0,0.0,59.5011385365395,56.15611580742888,66.67,0.0,22.5,11.25,LOW,LOW,56.25
session_001,loc_01,cam_01,2026-08-15,1,9.0,54,CAMERA_LIVE,12,12,12,0,0,100.0,0.0,0.0,60.31842080511617,54.54777718201092,57.14,0.0,17.5,8.75,LOW,LOW,43.75
session_001,loc_01,cam_01,2026-08-15,1,9.167,55,CAMERA_LIVE,14,14,11,1,2,78.57142857142857,7.142857142857142,14.285714285714285,47.15984159065886,37.7304339386254,66.67,13.57142857142857,30.64285714285714,22.11,MODERATE,LOW,56.25
session_001,loc_01,cam_01,2026-08-15,1,9.333,56,CAMERA_LIVE,14,14,14,0,0,100.0,0.0,0.0,58.463008938242034,54.30699553035904,66.67,0.0,22.5,11.25,LOW,LOW,56.25
session_001,loc_01,cam_01,2026-08-15,1,9.5,57,CAMERA_LIVE,14,14,14,0,0,100.0,0.0,0.0,57.07563793268112,54.2702745877679,66.67,0.0,22.5,11.25,LOW,LOW,56.25
session_001,loc_01,cam_01,2026-08-15,1,9.667,58,CAMERA_LIVE,13,13,13,0,0,100.0,0.0,0.0,59.53380279807731,51.51092974277028,61.9,0.0,20.0,10.0,LOW,LOW,50.0
session_001,loc_01,cam_01,2026-08-15,1,9.833,59,CAMERA_LIVE,14,14,14,0,0,100.0,0.0,0.0,58.880753584876366,51.36681652660563,66.67,0.0,22.5,11.25,LOW,LOW,56.25
session_001,loc_01,cam_01,2026-08-15,1,10.0,60,CAMERA_LIVE,12,12,12,0,0,100.0,0.0,0.0,55.58007146476128,46.71188137073999,57.14,0.0,17.5,8.75,LOW,LOW,43.75
session_001,loc_01,cam_01,2026-08-15,1,10.167,61,CAMERA_LIVE,12,12,12,0,0,100.0,0.0,0.0,61.795820775877694,54.68114867312717,57.14,0.0,17.5,8.75,LOW,LOW,43.75
session_001,loc_01,cam_01,2026-08-15,1,10.333,62,CAMERA_LIVE,14,14,13,0,1,92.85714285714286,0.0,7.142857142857142,57.07579920137073,49.03259215692672,66.67,5.7142857142857135,25.928571428571427,15.82,LOW,LOW,56.25
session_003,loc_01,cam_01,2026-08-15,1,0.167,1,CAMERA_LIVE,2,2,0,0,2,0.0,0.0,100.0,0.0,0.0,11.11,80.0,51.80952380952381,65.9,MODERATE,HIGH,9.523809523809524
session_003,loc_01,cam_01,2026-08-15,1,0.834,2,CAMERA_LIVE,8,1,1,0,0,100.0,0.0,0.0,28.495618903670486,28.495618903670486,44.44,0.0,15.23809523809524,7.62,LOW,LOW,38.095238095238095
session_003,loc_01,cam_01,2026-08-15,1,2.502,3,CAMERA_LIVE,6,1,1,0,0,100.0,0.0,0.0,11.01275449303965,11.01275449303965,33.33,0.0,11.428571428571429,5.71,LOW,LOW,28.57142857142857
session_003,loc_01,cam_01,2026-08-15,1,6.173,4,CAMERA_LIVE,10,1,0,0,1,0.0,0.0,100.0,0.0,0.0,55.56,80.0,67.04761904761905,73.52,HIGH,HIGH,47.61904761904761
session_003,loc_01,cam_01,2026-08-15,1,6.34,5,CAMERA_LIVE,1,1,1,0,0,100.0,0.0,0.0,74.85029940119769,74.85029940119769,5.56,0.0,1.9047619047619049,0.95,LOW,LOW,4.761904761904762
session_003,loc_01,cam_01,2026-08-15,1,6.506,6,CAMERA_LIVE,0,1,1,0,0,100.0,0.0,0.0,95.72438904861848,95.72438904861848,0.0,0.0,0.0,0.0,LOW,LOW,0.0
session_003,loc_01,cam_01,2026-08-15,1,6.673,7,CAMERA_LIVE,10,1,1,0,0,100.0,0.0,0.0,58.82300210894767,58.82300210894767,55.56,0.0,19.047619047619047,9.52,LOW,LOW,47.61904761904761
session_003,loc_01,cam_01,2026-08-15,1,6.84,8,CAMERA_LIVE,10,1,1,0,0,100.0,0.0,0.0,55.93275955769289,55.93275955769289,55.56,0.0,19.047619047619047,9.52,LOW,LOW,47.61904761904761
session_003,loc_01,cam_01,2026-08-15,1,7.007,9,CAMERA_LIVE,10,1,1,0,0,100.0,0.0,0.0,55.04424045164747,55.04424045164747,55.56,0.0,19.047619047619047,9.52,LOW,LOW,47.61904761904761
session_003,loc_01,cam_01,2026-08-15,1,7.341,10,CAMERA_LIVE,12,1,1,0,0,100.0,0.0,0.0,10.168670964350715,10.168670964350715,66.67,0.0,22.857142857142858,11.43,LOW,LOW,57.14285714285714
session_003,loc_01,cam_01,2026-08-15,1,7.841,11,CAMERA_LIVE,11,1,0,0,1,0.0,0.0,100.0,0.0,0.0,61.11,80.0,68.95238095238096,74.48,HIGH,HIGH,52.38095238095239
session_003,loc_01,cam_01,2026-08-15,1,8.008,12,CAMERA_LIVE,14,1,1,0,0,100.0,0.0,0.0,21.17086171217222,21.17086171217222,77.78,0.0,26.666666666666664,13.33,LOW,LOW,66.66666666666666
session_003,loc_01,cam_01,2026-08-15,1,8.175,13,CAMERA_LIVE,13,2,1,0,1,50.0,0.0,50.0,6.351258513651564,6.351258513651564,72.22,40.0,48.76190476190476,44.38,MODERATE,MODERATE,61.90476190476191
session_003,loc_01,cam_01,2026-08-15,1,8.342,14,CAMERA_LIVE,10,1,1,0,0,100.0,0.0,0.0,39.03714015091411,39.03714015091411,55.56,0.0,19.047619047619047,9.52,LOW,LOW,47.61904761904761
session_003,loc_01,cam_01,2026-08-15,1,8.508,15,CAMERA_LIVE,1,2,1,0,1,50.0,0.0,50.0,10.649198511845686,10.649198511845686,5.56,40.0,25.904761904761905,32.95,LOW,MODERATE,4.761904761904762
session_003,loc_01,cam_01,2026-08-15,1,8.675,16,CAMERA_LIVE,8,2,2,0,0,100.0,0.0,0.0,134.57318111293506,134.57318111293506,44.44,0.0,15.23809523809524,7.62,LOW,LOW,38.095238095238095
session_003,loc_01,cam_01,2026-08-15,1,8.842,17,CAMERA_LIVE,13,2,2,0,0,100.0,0.0,0.0,135.60501604107927,135.60501604107927,72.22,0.0,24.761904761904763,12.38,LOW,LOW,61.90476190476191
session_003,loc_01,cam_01,2026-08-15,1,9.009,18,CAMERA_LIVE,13,1,1,0,0,100.0,0.0,0.0,211.70861712172103,211.70861712172103,72.22,0.0,24.761904761904763,12.38,LOW,LOW,61.90476190476191
session_003,loc_01,cam_01,2026-08-15,1,9.176,19,CAMERA_LIVE,12,1,1,0,0,100.0,0.0,0.0,382.13258777573657,382.13258777573657,66.67,0.0,22.857142857142858,11.43,LOW,LOW,57.14285714285714
session_003,loc_01,cam_01,2026-08-15,1,9.343,20,CAMERA_LIVE,0,1,1,0,0,100.0,0.0,0.0,473.7734238288025,473.7734238288025,0.0,0.0,0.0,0.0,LOW,LOW,0.0
session_003,loc_01,cam_01,2026-08-15,1,9.51,21,CAMERA_LIVE,11,1,1,0,0,100.0,0.0,0.0,413.3254949661166,413.3254949661166,61.11,0.0,20.95238095238096,10.48,LOW,LOW,52.38095238095239
session_003,loc_01,cam_01,2026-08-15,1,9.676,22,CAMERA_LIVE,13,1,1,0,0,100.0,0.0,0.0,326.8731541967508,326.8731541967508,72.22,0.0,24.761904761904763,12.38,LOW,LOW,61.90476190476191
session_003,loc_01,cam_01,2026-08-15,1,9.843,23,CAMERA_LIVE,13,1,1,0,0,100.0,0.0,0.0,276.78017362681624,276.78017362681624,72.22,0.0,24.761904761904763,12.38,LOW,LOW,61.90476190476191
session_003,loc_01,cam_01,2026-08-15,1,10.01,24,CAMERA_LIVE,14,1,1,0,0,100.0,0.0,0.0,225.40754760142192,225.40754760142192,77.78,0.0,26.666666666666664,13.33,LOW,LOW,66.66666666666666
session_003,loc_01,cam_01,2026-08-15,1,10.177,25,CAMERA_LIVE,17,1,1,0,0,100.0,0.0,0.0,187.55041632773464,187.55041632773464,94.44,0.0,32.38095238095238,16.19,MODERATE,LOW,80.95238095238095
session_003,loc_01,cam_01,2026-08-15,1,10.344,26,CAMERA_LIVE,13,1,1,0,0,100.0,0.0,0.0,149.70059880239538,149.70059880239538,72.22,0.0,24.761904761904763,12.38,LOW,LOW,61.90476190476191
session_003,loc_01,cam_01,2026-08-15,1,10.511,27,CAMERA_LIVE,10,2,2,0,0,100.0,0.0,0.0,77.69595390596835,77.69595390596835,55.56,0.0,19.047619047619047,9.52,LOW,LOW,47.61904761904761
session_003,loc_01,cam_01,2026-08-15,1,10.677,28,CAMERA_LIVE,12,1,1,0,0,100.0,0.0,0.0,127.07845246824664,127.07845246824664,66.67,0.0,22.857142857142858,11.43,LOW,LOW,57.14285714285714
session_003,loc_01,cam_01,2026-08-15,1,10.844,29,CAMERA_LIVE,12,2,1,0,1,50.0,0.0,50.0,64.78767966581565,64.78767966581565,66.67,40.0,46.85714285714286,43.43,MODERATE,MODERATE,57.14285714285714
session_003,loc_01,cam_01,2026-08-15,1,11.011,30,CAMERA_LIVE,12,2,2,0,0,100.0,0.0,0.0,161.24395923027475,161.24395923027475,66.67,0.0,22.857142857142858,11.43,LOW,LOW,57.14285714285714
session_003,loc_01,cam_01,2026-08-15,1,11.178,31,CAMERA_LIVE,12,1,1,0,0,100.0,0.0,0.0,207.2799273134229,207.2799273134229,66.67,0.0,22.857142857142858,11.43,LOW,LOW,57.14285714285714
session_003,loc_01,cam_01,2026-08-15,1,11.345,32,CAMERA_LIVE,10,1,1,0,0,100.0,0.0,0.0,234.0122518523252,234.0122518523252,55.56,0.0,19.047619047619047,9.52,LOW,LOW,47.61904761904761
session_003,loc_01,cam_01,2026-08-15,1,11.511,33,CAMERA_LIVE,11,1,1,0,0,100.0,0.0,0.0,306.83000324728533,306.83000324728533,61.11,0.0,20.95238095238096,10.48,LOW,LOW,52.38095238095239
session_003,loc_01,cam_01,2026-08-15,1,11.678,34,CAMERA_LIVE,13,1,1,0,0,100.0,0.0,0.0,28.88458233193342,28.88458233193342,72.22,0.0,24.761904761904763,12.38,LOW,LOW,61.90476190476191
session_003,loc_01,cam_01,2026-08-15,1,14.181,35,CAMERA_LIVE,12,1,0,0,1,0.0,0.0,100.0,0.0,0.0,66.67,80.0,70.85714285714286,75.43,HIGH,SEVERE,57.14285714285714
session_003,loc_01,cam_01,2026-08-15,1,18.018,36,CAMERA_LIVE,12,1,0,0,1,0.0,0.0,100.0,0.0,0.0,66.67,80.0,70.85714285714286,75.43,HIGH,SEVERE,57.14285714285714
session_003,loc_01,cam_01,2026-08-15,1,18.185,37,CAMERA_LIVE,1,1,1,0,0,100.0,0.0,0.0,48.738983820658376,48.738983820658376,5.56,0.0,1.9047619047619049,0.95,LOW,LOW,4.761904761904762
session_003,loc_01,cam_01,2026-08-15,1,18.352,38,CAMERA_LIVE,1,1,1,0,0,100.0,0.0,0.0,61.43198960683532,61.43198960683532,5.56,0.0,1.9047619047619049,0.95,LOW,LOW,4.761904761904762
session_003,loc_01,cam_01,2026-08-15,1,18.518,39,CAMERA_LIVE,1,1,1,0,0,100.0,0.0,0.0,73.5334675646607,73.5334675646607,5.56,0.0,1.9047619047619049,0.95,LOW,LOW,4.761904761904762
session_003,loc_01,cam_01,2026-08-15,1,18.685,40,CAMERA_LIVE,1,1,1,0,0,100.0,0.0,0.0,75.56544589295875,75.56544589295875,5.56,0.0,1.9047619047619049,0.95,LOW,LOW,4.761904761904762
session_003,loc_01,cam_01,2026-08-15,1,18.852,41,CAMERA_LIVE,1,1,1,0,0,100.0,0.0,0.0,85.10581079971114,85.10581079971114,5.56,0.0,1.9047619047619049,0.95,LOW,LOW,4.761904761904762
session_003,loc_01,cam_01,2026-08-15,1,19.019,42,CAMERA_LIVE,1,1,1,0,0,100.0,0.0,0.0,93.53592426235625,93.53592426235625,5.56,0.0,1.9047619047619049,0.95,LOW,LOW,4.761904761904762
session_003,loc_01,cam_01,2026-08-15,1,19.186,43,CAMERA_LIVE,10,1,1,0,0,100.0,0.0,0.0,119.76047904191503,119.76047904191503,55.56,0.0,19.047619047619047,9.52,LOW,LOW,47.61904761904761
session_003,loc_01,cam_01,2026-08-15,1,19.353,44,CAMERA_LIVE,1,1,1,0,0,100.0,0.0,0.0,132.34752158862355,132.34752158862355,5.56,0.0,1.9047619047619049,0.95,LOW,LOW,4.761904761904762
session_003,loc_01,cam_01,2026-08-15,1,19.52,45,CAMERA_LIVE,9,1,1,0,0,100.0,0.0,0.0,146.98128992375717,146.98128992375717,50.0,0.0,17.142857142857142,8.57,LOW,LOW,42.85714285714285
session_003,loc_01,cam_01,2026-08-15,1,19.686,46,CAMERA_LIVE,9,1,1,0,0,100.0,0.0,0.0,162.90141304807145,162.90141304807145,50.0,0.0,17.142857142857142,8.57,LOW,LOW,42.85714285714285
session_003,loc_01,cam_01,2026-08-15,1,19.853,47,CAMERA_LIVE,1,2,1,0,1,50.0,0.0,50.0,99.66058070115616,99.66058070115616,5.56,40.0,25.904761904761905,32.95,LOW,MODERATE,4.761904761904762
session_003,loc_01,cam_01,2026-08-15,1,20.02,48,CAMERA_LIVE,1,2,2,0,0,100.0,0.0,0.0,165.57572336138725,165.57572336138725,5.56,0.0,1.9047619047619049,0.95,LOW,LOW,4.761904761904762
session_003,loc_01,cam_01,2026-08-15,1,20.187,49,CAMERA_LIVE,2,3,2,0,1,66.66666666666666,0.0,33.33333333333333,128.30270338983038,83.40352261786818,11.11,26.666666666666664,19.809523809523807,23.24,LOW,LOW,9.523809523809524
session_003,loc_01,cam_01,2026-08-15,1,25.692,50,CAMERA_LIVE,1,1,0,0,1,0.0,0.0,100.0,0.0,0.0,5.56,80.0,49.90476190476191,64.95,MODERATE,HIGH,4.761904761904762
session_003,loc_01,cam_01,2026-08-15,1,25.859,51,CAMERA_LIVE,2,1,1,0,0,100.0,0.0,0.0,79.04418432601173,79.04418432601173,11.11,0.0,3.8095238095238098,1.9,LOW,LOW,9.523809523809524
session_003,loc_01,cam_01,2026-08-15,1,26.026,52,CAMERA_LIVE,2,1,1,0,0,100.0,0.0,0.0,109.6397210994058,109.6397210994058,11.11,0.0,3.8095238095238098,1.9,LOW,LOW,9.523809523809524
session_003,loc_01,cam_01,2026-08-15,1,26.193,53,CAMERA_LIVE,2,1,1,0,0,100.0,0.0,0.0,129.57535933162993,129.57535933162993,11.11,0.0,3.8095238095238098,1.9,LOW,LOW,9.523809523809524
session_003,loc_01,cam_01,2026-08-15,1,26.36,54,CAMERA_LIVE,1,1,1,0,0,100.0,0.0,0.0,138.40627941708212,138.40627941708212,5.56,0.0,1.9047619047619049,0.95,LOW,LOW,4.761904761904762
session_003,loc_01,cam_01,2026-08-15,1,26.527,55,CAMERA_LIVE,1,1,1,0,0,100.0,0.0,0.0,176.03670174956838,176.03670174956838,5.56,0.0,1.9047619047619049,0.95,LOW,LOW,4.761904761904762
session_003,loc_01,cam_01,2026-08-15,1,26.86,56,CAMERA_LIVE,1,1,0,0,1,0.0,0.0,100.0,0.0,0.0,5.56,80.0,49.90476190476191,64.95,MODERATE,HIGH,4.761904761904762
session_003,loc_01,cam_01,2026-08-15,1,29.363,57,CAMERA_LIVE,1,1,0,1,0,0.0,100.0,0.0,8.212067435515168,8.212067435515168,5.56,30.0,19.904761904761905,24.95,LOW,LOW,4.761904761904762
session_003,loc_01,cam_01,2026-08-15,1,29.53,58,CAMERA_LIVE,1,1,1,0,0,100.0,0.0,0.0,59.88023952095752,59.88023952095752,5.56,0.0,1.9047619047619049,0.95,LOW,LOW,4.761904761904762
session_003,loc_01,cam_01,2026-08-15,1,29.696,59,CAMERA_LIVE,1,1,1,0,0,100.0,0.0,0.0,57.22891566265047,57.22891566265047,5.56,0.0,1.9047619047619049,0.95,LOW,LOW,4.761904761904762
session_003,loc_01,cam_01,2026-08-15,1,29.863,60,CAMERA_LIVE,1,1,1,0,0,100.0,0.0,0.0,26.94610778443145,26.94610778443145,5.56,0.0,1.9047619047619049,0.95,LOW,LOW,4.761904761904762
session_003,loc_01,cam_01,2026-08-15,1,30.197,61,CAMERA_LIVE,1,1,0,0,1,0.0,0.0,100.0,0.0,0.0,5.56,80.0,49.90476190476191,64.95,MODERATE,HIGH,4.761904761904762
session_003,loc_01,cam_01,2026-08-15,1,30.364,62,CAMERA_LIVE,1,2,1,0,1,50.0,0.0,50.0,32.96813704422909,32.96813704422909,5.56,40.0,25.904761904761905,32.95,LOW,MODERATE,4.761904761904762
session_003,loc_01,cam_01,2026-08-15,1,30.53,63,CAMERA_LIVE,2,2,2,0,0,100.0,0.0,0.0,233.4154757321342,233.4154757321342,11.11,0.0,3.8095238095238098,1.9,LOW,LOW,9.523809523809524
session_003,loc_01,cam_01,2026-08-15,1,30.697,64,CAMERA_LIVE,1,2,1,0,1,50.0,0.0,50.0,55.206853037682606,55.206853037682606,5.56,40.0,25.904761904761905,32.95,LOW,MODERATE,4.761904761904762
session_003,loc_01,cam_01,2026-08-15,1,30.864,65,CAMERA_LIVE,2,2,1,0,1,50.0,0.0,50.0,65.76611567810954,65.76611567810954,11.11,40.0,27.80952380952381,33.9,LOW,MODERATE,9.523809523809524
session_003,loc_01,cam_01,2026-08-15,1,31.031,66,CAMERA_LIVE,2,2,2,0,0,100.0,0.0,0.0,335.03328106849415,335.03328106849415,11.11,0.0,3.8095238095238098,1.9,LOW,LOW,9.523809523809524
session_003,loc_01,cam_01,2026-08-15,1,31.198,67,CAMERA_LIVE,1,1,1,0,0,100.0,0.0,0.0,401.9119567556809,401.9119567556809,5.56,0.0,1.9047619047619049,0.95,LOW,LOW,4.761904761904762
session_003,loc_01,cam_01,2026-08-15,1,31.365,68,CAMERA_LIVE,1,1,1,0,0,100.0,0.0,0.0,302.75072479276827,302.75072479276827,5.56,0.0,1.9047619047619049,0.95,LOW,LOW,4.761904761904762
session_003,loc_01,cam_01,2026-08-15,1,31.532,69,CAMERA_LIVE,1,1,1,0,0,100.0,0.0,0.0,236.29944338174195,236.29944338174195,5.56,0.0,1.9047619047619049,0.95,LOW,LOW,4.761904761904762
session_003,loc_01,cam_01,2026-08-15,1,31.698,70,CAMERA_LIVE,1,1,1,0,0,100.0,0.0,0.0,175.24323141914246,175.24323141914246,5.56,0.0,1.9047619047619049,0.95,LOW,LOW,4.761904761904762
session_003,loc_01,cam_01,2026-08-15,1,32.199,71,CAMERA_LIVE,0,1,0,0,1,0.0,0.0,100.0,0.0,0.0,0.0,80.0,48.0,64.0,MODERATE,HIGH,0.0
session_003,loc_01,cam_01,2026-08-15,1,32.366,72,CAMERA_LIVE,0,1,1,0,0,100.0,0.0,0.0,90.06951470952802,90.06951470952802,0.0,0.0,0.0,0.0,LOW,LOW,0.0
session_003,loc_01,cam_01,2026-08-15,1,32.532,73,CAMERA_LIVE,12,1,1,0,0,100.0,0.0,0.0,101.02716765812497,101.02716765812497,66.67,0.0,22.857142857142858,11.43,LOW,LOW,57.14285714285714
session_003,loc_01,cam_01,2026-08-15,1,32.699,74,CAMERA_LIVE,11,1,1,0,0,100.0,0.0,0.0,99.16464168670085,99.16464168670085,61.11,0.0,20.95238095238096,10.48,LOW,LOW,52.38095238095239
session_003,loc_01,cam_01,2026-08-15,1,32.866,75,CAMERA_LIVE,9,1,1,0,0,100.0,0.0,0.0,78.07428030182739,78.07428030182739,50.0,0.0,17.142857142857142,8.57,LOW,LOW,42.85714285714285
session_003,loc_01,cam_01,2026-08-15,1,33.033,76,CAMERA_LIVE,11,1,1,0,0,100.0,0.0,0.0,72.35356870415842,72.35356870415842,61.11,0.0,20.95238095238096,10.48,LOW,LOW,52.38095238095239
session_003,loc_01,cam_01,2026-08-15,1,33.2,77,CAMERA_LIVE,11,1,1,0,0,100.0,0.0,0.0,58.133197122597046,58.133197122597046,61.11,0.0,20.95238095238096,10.48,LOW,LOW,52.38095238095239
session_003,loc_01,cam_01,2026-08-15,1,33.367,78,CAMERA_LIVE,10,1,1,0,0,100.0,0.0,0.0,52.28817124722622,52.28817124722622,55.56,0.0,19.047619047619047,9.52,LOW,LOW,47.61904761904761
session_003,loc_01,cam_01,2026-08-15,1,33.534,79,CAMERA_LIVE,12,1,1,0,0,100.0,0.0,0.0,78.36079238504357,78.36079238504357,66.67,0.0,22.857142857142858,11.43,LOW,LOW,57.14285714285714
session_003,loc_01,cam_01,2026-08-15,1,33.7,80,CAMERA_LIVE,10,1,1,0,0,100.0,0.0,0.0,54.30047101602265,54.30047101602265,55.56,0.0,19.047619047619047,9.52,LOW,LOW,47.61904761904761
session_003,loc_01,cam_01,2026-08-15,1,34.868,81,CAMERA_LIVE,13,1,0,0,1,0.0,0.0,100.0,0.0,0.0,72.22,80.0,72.76190476190476,76.38,HIGH,SEVERE,61.90476190476191
session_003,loc_01,cam_01,2026-08-15,1,35.035,82,CAMERA_LIVE,10,2,1,0,1,50.0,0.0,50.0,27.52212022582461,27.52212022582461,55.56,40.0,43.04761904761905,41.52,MODERATE,MODERATE,47.61904761904761
session_003,loc_01,cam_01,2026-08-15,1,35.202,83,CAMERA_LIVE,8,2,2,0,0,100.0,0.0,0.0,87.80912258876344,87.80912258876344,44.44,0.0,15.23809523809524,7.62,LOW,LOW,38.095238095238095
session_003,loc_01,cam_01,2026-08-15,1,35.369,84,CAMERA_LIVE,9,2,2,0,0,100.0,0.0,0.0,119.81916260583624,119.81916260583624,50.0,0.0,17.142857142857142,8.57,LOW,LOW,42.85714285714285
session_003,loc_01,cam_01,2026-08-15,1,35.535,85,CAMERA_LIVE,1,2,2,0,0,100.0,0.0,0.0,140.7418913989034,140.7418913989034,5.56,0.0,1.9047619047619049,0.95,LOW,LOW,4.761904761904762
session_003,loc_01,cam_01,2026-08-15,1,35.702,86,CAMERA_LIVE,8,2,2,0,0,100.0,0.0,0.0,166.77331783208396,166.77331783208396,44.44,0.0,15.23809523809524,7.62,LOW,LOW,38.095238095238095
session_003,loc_01,cam_01,2026-08-15,1,35.869,87,CAMERA_LIVE,9,2,2,0,0,100.0,0.0,0.0,202.41743155266096,202.41743155266096,50.0,0.0,17.142857142857142,8.57,LOW,LOW,42.85714285714285
session_003,loc_01,cam_01,2026-08-15,1,36.036,88,CAMERA_LIVE,9,2,2,0,0,100.0,0.0,0.0,265.58253779619497,265.58253779619497,50.0,0.0,17.142857142857142,8.57,LOW,LOW,42.85714285714285
session_003,loc_01,cam_01,2026-08-15,1,36.203,89,CAMERA_LIVE,10,1,1,0,0,100.0,0.0,0.0,218.89073923873133,218.89073923873133,55.56,0.0,19.047619047619047,9.52,LOW,LOW,47.61904761904761
session_003,loc_01,cam_01,2026-08-15,1,40.874,90,CAMERA_LIVE,10,1,0,0,1,0.0,0.0,100.0,0.0,0.0,55.56,80.0,67.04761904761905,73.52,HIGH,HIGH,47.61904761904761
session_003,loc_01,cam_01,2026-08-15,1,41.041,91,CAMERA_LIVE,10,1,1,0,0,100.0,0.0,0.0,303.1058230183902,303.1058230183902,55.56,0.0,19.047619047619047,9.52,LOW,LOW,47.61904761904761
session_003,loc_01,cam_01,2026-08-15,1,41.208,92,CAMERA_LIVE,8,1,1,0,0,100.0,0.0,0.0,282.2005189927681,282.2005189927681,44.44,0.0,15.23809523809524,7.62,LOW,LOW,38.095238095238095
session_003,loc_01,cam_01,2026-08-15,1,41.375,93,CAMERA_LIVE,8,1,1,0,0,100.0,0.0,0.0,302.75072479276184,302.75072479276184,44.44,0.0,15.23809523809524,7.62,LOW,LOW,38.095238095238095
session_003,loc_01,cam_01,2026-08-15,1,41.541,94,CAMERA_LIVE,7,1,1,0,0,100.0,0.0,0.0,464.7932937580892,464.7932937580892,38.89,0.0,13.333333333333332,6.67,LOW,LOW,33.33333333333333
session_003,loc_01,cam_01,2026-08-15,1,41.708,95,CAMERA_LIVE,8,1,1,0,0,100.0,0.0,0.0,582.7873343915224,582.7873343915224,44.44,0.0,15.23809523809524,7.62,LOW,LOW,38.095238095238095
session_003,loc_01,cam_01,2026-08-15,1,41.875,96,CAMERA_LIVE,9,1,1,0,0,100.0,0.0,0.0,512.9643435942963,512.9643435942963,50.0,0.0,17.142857142857142,8.57,LOW,LOW,42.85714285714285
session_003,loc_01,cam_01,2026-08-15,1,42.042,97,CAMERA_LIVE,5,1,1,0,0,100.0,0.0,0.0,399.4510198840182,399.4510198840182,27.78,0.0,9.523809523809524,4.76,LOW,LOW,23.809523809523807
session_003,loc_01,cam_01,2026-08-15,1,42.209,98,CAMERA_LIVE,9,1,1,0,0,100.0,0.0,0.0,297.5089907135221,297.5089907135221,50.0,0.0,17.142857142857142,8.57,LOW,LOW,42.85714285714285
session_003,loc_01,cam_01,2026-08-15,1,42.376,99,CAMERA_LIVE,7,1,1,0,0,100.0,0.0,0.0,235.69169585651247,235.69169585651247,38.89,0.0,13.333333333333332,6.67,LOW,LOW,33.33333333333333
session_003,loc_01,cam_01,2026-08-15,1,42.543,100,CAMERA_LIVE,7,1,1,0,0,100.0,0.0,0.0,170.42214935039007,170.42214935039007,38.89,0.0,13.333333333333332,6.67,LOW,LOW,33.33333333333333
session_003,loc_01,cam_01,2026-08-15,1,42.709,101,CAMERA_LIVE,5,1,1,0,0,100.0,0.0,0.0,177.3275425245142,177.3275425245142,27.78,0.0,9.523809523809524,4.76,LOW,LOW,23.809523809523807
session_003,loc_01,cam_01,2026-08-15,1,42.876,102,CAMERA_LIVE,7,1,1,0,0,100.0,0.0,0.0,144.86192099884244,144.86192099884244,38.89,0.0,13.333333333333332,6.67,LOW,LOW,33.33333333333333
session_003,loc_01,cam_01,2026-08-15,1,43.043,103,CAMERA_LIVE,6,1,1,0,0,100.0,0.0,0.0,105.1320351262232,105.1320351262232,33.33,0.0,11.428571428571429,5.71,LOW,LOW,28.57142857142857
session_003,loc_01,cam_01,2026-08-15,1,43.21,104,CAMERA_LIVE,6,1,1,0,0,100.0,0.0,0.0,98.48433654729564,98.48433654729564,33.33,0.0,11.428571428571429,5.71,LOW,LOW,28.57142857142857
session_003,loc_01,cam_01,2026-08-15,1,43.377,105,CAMERA_LIVE,7,1,1,0,0,100.0,0.0,0.0,91.20686354327948,91.20686354327948,38.89,0.0,13.333333333333332,6.67,LOW,LOW,33.33333333333333
session_003,loc_01,cam_01,2026-08-15,1,43.544,106,CAMERA_LIVE,11,1,1,0,0,100.0,0.0,0.0,81.77545080088692,81.77545080088692,61.11,0.0,20.95238095238096,10.48,LOW,LOW,52.38095238095239
session_003,loc_01,cam_01,2026-08-15,1,43.71,107,CAMERA_LIVE,10,1,1,0,0,100.0,0.0,0.0,78.13928777754542,78.13928777754542,55.56,0.0,19.047619047619047,9.52,LOW,LOW,47.61904761904761
session_003,loc_01,cam_01,2026-08-15,1,43.877,108,CAMERA_LIVE,1,2,1,0,1,50.0,0.0,50.0,33.23892711253639,33.23892711253639,5.56,40.0,25.904761904761905,32.95,LOW,MODERATE,4.761904761904762
session_003,loc_01,cam_01,2026-08-15,1,44.044,109,CAMERA_LIVE,1,2,2,0,0,100.0,0.0,0.0,52.74667389449184,52.74667389449184,5.56,0.0,1.9047619047619049,0.95,LOW,LOW,4.761904761904762
session_003,loc_01,cam_01,2026-08-15,1,44.211,110,CAMERA_LIVE,1,1,1,0,0,100.0,0.0,0.0,58.133197122597046,58.133197122597046,5.56,0.0,1.9047619047619049,0.95,LOW,LOW,4.761904761904762
session_003,loc_01,cam_01,2026-08-15,1,47.381,111,CAMERA_LIVE,1,1,0,0,1,0.0,0.0,100.0,0.0,0.0,5.56,80.0,49.90476190476191,64.95,MODERATE,HIGH,4.761904761904762
session_003,loc_01,cam_01,2026-08-15,1,47.547,112,CAMERA_LIVE,1,1,1,0,0,100.0,0.0,0.0,66.87832322643055,66.87832322643055,5.56,0.0,1.9047619047619049,0.95,LOW,LOW,4.761904761904762
session_003,loc_01,cam_01,2026-08-15,1,48.048,113,CAMERA_LIVE,1,1,0,0,1,0.0,0.0,100.0,0.0,0.0,5.56,80.0,49.90476190476191,64.95,MODERATE,HIGH,4.761904761904762
session_003,loc_01,cam_01,2026-08-15,1,48.215,114,CAMERA_LIVE,1,1,0,1,0,0.0,100.0,0.0,6.694814303891523,6.694814303891523,5.56,30.0,19.904761904761905,24.95,LOW,LOW,4.761904761904762
session_003,loc_01,cam_01,2026-08-15,1,51.218,115,CAMERA_LIVE,1,1,0,0,1,0.0,0.0,100.0,0.0,0.0,5.56,80.0,49.90476190476191,64.95,MODERATE,HIGH,4.761904761904762
session_003,loc_01,cam_01,2026-08-15,1,51.718,116,CAMERA_LIVE,1,1,0,0,1,0.0,0.0,100.0,0.0,0.0,5.56,80.0,49.90476190476191,64.95,MODERATE,HIGH,4.761904761904762
session_003,loc_01,cam_01,2026-08-15,1,51.885,117,CAMERA_LIVE,1,1,1,0,0,100.0,0.0,0.0,67.2820510606137,67.2820510606137,5.56,0.0,1.9047619047619049,0.95,LOW,LOW,4.761904761904762
session_003,loc_01,cam_01,2026-08-15,1,52.052,118,CAMERA_LIVE,1,1,1,0,0,100.0,0.0,0.0,64.77038219396327,64.77038219396327,5.56,0.0,1.9047619047619049,0.95,LOW,LOW,4.761904761904762
session_003,loc_01,cam_01,2026-08-15,1,52.219,119,CAMERA_LIVE,2,1,1,0,0,100.0,0.0,0.0,41.59414368098704,41.59414368098704,11.11,0.0,3.8095238095238098,1.9,LOW,LOW,9.523809523809524
session_003,loc_01,cam_01,2026-08-15,1,54.555,120,CAMERA_LIVE,2,1,0,0,1,0.0,0.0,100.0,0.0,0.0,11.11,80.0,51.80952380952381,65.9,MODERATE,HIGH,9.523809523809524
session_003,loc_01,cam_01,2026-08-15,1,54.721,121,CAMERA_LIVE,3,2,2,0,0,100.0,0.0,0.0,54.33971354533908,54.33971354533908,16.67,0.0,5.714285714285714,2.86,LOW,LOW,14.285714285714285
session_003,loc_01,cam_01,2026-08-15,1,54.888,122,CAMERA_LIVE,9,1,1,0,0,100.0,0.0,0.0,22.801715885819867,22.801715885819867,50.0,0.0,17.142857142857142,8.57,LOW,LOW,42.85714285714285
session_003,loc_01,cam_01,2026-08-15,1,55.556,123,CAMERA_LIVE,16,1,0,0,1,0.0,0.0,100.0,0.0,0.0,88.89,80.0,78.47619047619048,79.24,SEVERE,SEVERE,76.19047619047619
session_003,loc_01,cam_01,2026-08-15,1,56.223,124,CAMERA_LIVE,12,2,1,0,1,50.0,0.0,50.0,17.18496604412821,17.18496604412821,66.67,40.0,46.85714285714286,43.43,MODERATE,MODERATE,57.14285714285714
session_003,loc_01,cam_01,2026-08-15,1,56.89,125,CAMERA_LIVE,9,1,0,1,0,0.0,100.0,0.0,3.373313343328328,3.373313343328328,50.0,30.0,35.14285714285714,32.57,MODERATE,MODERATE,42.85714285714285
session_003,loc_01,cam_01,2026-08-15,1,58.725,126,CAMERA_LIVE,0,1,1,0,0,100.0,0.0,0.0,14.766501985404874,14.766501985404874,0.0,0.0,0.0,0.0,LOW,LOW,0.0
session_003,loc_01,cam_01,2026-08-15,1,58.892,127,CAMERA_LIVE,0,1,1,0,0,100.0,0.0,0.0,102.19190518488531,102.19190518488531,0.0,0.0,0.0,0.0,LOW,LOW,0.0
session_003,loc_01,cam_01,2026-08-15,1,61.228,128,CAMERA_LIVE,0,1,0,1,0,0.0,100.0,0.0,6.016774152207554,6.016774152207554,0.0,30.0,18.0,24.0,LOW,LOW,0.0
session_003,loc_01,cam_01,2026-08-15,1,63.897,129,CAMERA_LIVE,8,1,0,0,1,0.0,0.0,100.0,0.0,0.0,44.44,80.0,63.23809523809524,71.62,HIGH,HIGH,38.095238095238095
session_003,loc_01,cam_01,2026-08-15,1,64.064,130,CAMERA_LIVE,9,1,1,0,0,100.0,0.0,0.0,47.33948593066592,47.33948593066592,50.0,0.0,17.142857142857142,8.57,LOW,LOW,42.85714285714285
session_003,loc_01,cam_01,2026-08-15,1,64.231,131,CAMERA_LIVE,10,1,1,0,0,100.0,0.0,0.0,52.96947908070049,52.96947908070049,55.56,0.0,19.047619047619047,9.52,LOW,LOW,47.61904761904761
session_003,loc_01,cam_01,2026-08-15,1,64.398,132,CAMERA_LIVE,9,1,1,0,0,100.0,0.0,0.0,52.37381941477764,52.37381941477764,50.0,0.0,17.142857142857142,8.57,LOW,LOW,42.85714285714285
session_003,loc_01,cam_01,2026-08-15,1,64.564,133,CAMERA_LIVE,9,1,1,0,0,100.0,0.0,0.0,59.40687627504939,59.40687627504939,50.0,0.0,17.142857142857142,8.57,LOW,LOW,42.85714285714285
session_003,loc_01,cam_01,2026-08-15,1,64.731,134,CAMERA_LIVE,8,1,1,0,0,100.0,0.0,0.0,75.56544589295714,75.56544589295714,44.44,0.0,15.23809523809524,7.62,LOW,LOW,38.095238095238095
session_003,loc_01,cam_01,2026-08-15,1,67.901,135,CAMERA_LIVE,9,1,0,0,1,0.0,0.0,100.0,0.0,0.0,50.0,80.0,65.14285714285714,72.57,HIGH,HIGH,42.85714285714285
session_003,loc_01,cam_01,2026-08-15,1,68.068,136,CAMERA_LIVE,10,1,1,0,0,100.0,0.0,0.0,64.49299170220901,64.49299170220901,55.56,0.0,19.047619047619047,9.52,LOW,LOW,47.61904761904761
session_003,loc_01,cam_01,2026-08-15,1,68.235,137,CAMERA_LIVE,8,1,1,0,0,100.0,0.0,0.0,76.33262744899305,76.33262744899305,44.44,0.0,15.23809523809524,7.62,LOW,LOW,38.095238095238095
session_003,loc_01,cam_01,2026-08-15,1,68.402,138,CAMERA_LIVE,8,1,1,0,0,100.0,0.0,0.0,99.52556969218266,99.52556969218266,44.44,0.0,15.23809523809524,7.62,LOW,LOW,38.095238095238095
session_003,loc_01,cam_01,2026-08-15,1,68.569,139,CAMERA_LIVE,7,1,1,0,0,100.0,0.0,0.0,82.81027955652215,82.81027955652215,38.89,0.0,13.333333333333332,6.67,LOW,LOW,33.33333333333333
session_003,loc_01,cam_01,2026-08-15,1,68.735,140,CAMERA_LIVE,8,1,1,0,0,100.0,0.0,0.0,110.58770934148296,110.58770934148296,44.44,0.0,15.23809523809524,7.62,LOW,LOW,38.095238095238095
session_003,loc_01,cam_01,2026-08-15,1,68.902,141,CAMERA_LIVE,8,1,1,0,0,100.0,0.0,0.0,121.87504453321812,121.87504453321812,44.44,0.0,15.23809523809524,7.62,LOW,LOW,38.095238095238095
session_003,loc_01,cam_01,2026-08-15,1,69.069,142,CAMERA_LIVE,7,1,1,0,0,100.0,0.0,0.0,139.3100613668471,139.3100613668471,38.89,0.0,13.333333333333332,6.67,LOW,LOW,33.33333333333333
session_003,loc_01,cam_01,2026-08-15,1,69.236,143,CAMERA_LIVE,6,1,1,0,0,100.0,0.0,0.0,162.03663626029558,162.03663626029558,33.33,0.0,11.428571428571429,5.71,LOW,LOW,28.57142857142857
session_003,loc_01,cam_01,2026-08-15,1,73.74,144,CAMERA_LIVE,9,1,0,0,1,0.0,0.0,100.0,0.0,0.0,50.0,80.0,65.14285714285714,72.57,HIGH,HIGH,42.85714285714285
session_003,loc_01,cam_01,2026-08-15,1,74.241,145,CAMERA_LIVE,8,1,0,0,1,0.0,0.0,100.0,0.0,0.0,44.44,80.0,63.23809523809524,71.62,HIGH,HIGH,38.095238095238095
session_003,loc_01,cam_01,2026-08-15,1,76.076,146,CAMERA_LIVE,0,1,0,0,1,0.0,0.0,100.0,0.0,0.0,0.0,80.0,48.0,64.0,MODERATE,HIGH,0.0
session_003,loc_01,cam_01,2026-08-15,1,76.41,147,CAMERA_LIVE,0,1,0,0,1,0.0,0.0,100.0,0.0,0.0,0.0,80.0,48.0,64.0,MODERATE,HIGH,0.0
session_003,loc_01,cam_01,2026-08-15,1,76.576,148,CAMERA_LIVE,0,1,1,0,0,100.0,0.0,0.0,79.52035411111048,79.52035411111048,0.0,0.0,0.0,0.0,LOW,LOW,0.0
session_003,loc_01,cam_01,2026-08-15,1,76.743,149,CAMERA_LIVE,0,1,1,0,0,100.0,0.0,0.0,84.7363574735615,84.7363574735615,0.0,0.0,0.0,0.0,LOW,LOW,0.0
session_003,loc_01,cam_01,2026-08-15,1,76.91,150,CAMERA_LIVE,0,1,1,0,0,100.0,0.0,0.0,127.06045014324997,127.06045014324997,0.0,0.0,0.0,0.0,LOW,LOW,0.0
session_003,loc_01,cam_01,2026-08-15,1,77.077,151,CAMERA_LIVE,0,1,1,0,0,100.0,0.0,0.0,142.23920383496514,142.23920383496514,0.0,0.0,0.0,0.0,LOW,LOW,0.0
session_003,loc_01,cam_01,2026-08-15,1,77.244,152,CAMERA_LIVE,0,1,1,0,0,100.0,0.0,0.0,167.90508853664454,167.90508853664454,0.0,0.0,0.0,0.0,LOW,LOW,0.0
session_003,loc_01,cam_01,2026-08-15,1,77.744,153,CAMERA_LIVE,0,1,0,0,1,0.0,0.0,100.0,0.0,0.0,0.0,80.0,48.0,64.0,MODERATE,HIGH,0.0
session_003,loc_01,cam_01,2026-08-15,1,78.412,154,CAMERA_LIVE,1,1,0,0,1,0.0,0.0,100.0,0.0,0.0,5.56,80.0,49.90476190476191,64.95,MODERATE,HIGH,4.761904761904762
session_003,loc_01,cam_01,2026-08-15,1,82.416,155,CAMERA_LIVE,1,1,0,0,1,0.0,0.0,100.0,0.0,0.0,5.56,80.0,49.90476190476191,64.95,MODERATE,HIGH,4.761904761904762
session_003,loc_01,cam_01,2026-08-15,1,82.582,156,CAMERA_LIVE,1,1,1,0,0,100.0,0.0,0.0,50.13047282257096,50.13047282257096,5.56,0.0,1.9047619047619049,0.95,LOW,LOW,4.761904761904762
session_003,loc_01,cam_01,2026-08-15,1,87.921,157,CAMERA_LIVE,1,1,0,0,1,0.0,0.0,100.0,0.0,0.0,5.56,80.0,49.90476190476191,64.95,MODERATE,HIGH,4.761904761904762
session_003,loc_01,cam_01,2026-08-15,1,88.088,158,CAMERA_LIVE,1,1,1,0,0,100.0,0.0,0.0,89.31996341423608,89.31996341423608,5.56,0.0,1.9047619047619049,0.95,LOW,LOW,4.761904761904762
session_003,loc_01,cam_01,2026-08-15,1,88.255,159,CAMERA_LIVE,1,1,1,0,0,100.0,0.0,0.0,94.01388304255948,94.01388304255948,5.56,0.0,1.9047619047619049,0.95,LOW,LOW,4.761904761904762
session_003,loc_01,cam_01,2026-08-15,1,88.422,160,CAMERA_LIVE,11,2,1,0,1,50.0,0.0,50.0,37.51486253335793,37.51486253335793,61.11,40.0,44.95238095238096,42.48,MODERATE,MODERATE,52.38095238095239
session_003,loc_01,cam_01,2026-08-15,1,88.588,161,CAMERA_LIVE,1,2,2,0,0,100.0,0.0,0.0,48.55043619584335,48.55043619584335,5.56,0.0,1.9047619047619049,0.95,LOW,LOW,4.761904761904762
session_003,loc_01,cam_01,2026-08-15,1,88.755,162,CAMERA_LIVE,10,2,2,0,0,100.0,0.0,0.0,59.89236096697454,59.89236096697454,55.56,0.0,19.047619047619047,9.52,LOW,LOW,47.61904761904761
session_003,loc_01,cam_01,2026-08-15,1,88.922,163,CAMERA_LIVE,0,2,2,0,0,100.0,0.0,0.0,59.628695351162136,59.628695351162136,0.0,0.0,0.0,0.0,LOW,LOW,0.0
session_003,loc_01,cam_01,2026-08-15,1,89.089,164,CAMERA_LIVE,0,2,2,0,0,100.0,0.0,0.0,80.15716255824009,80.15716255824009,0.0,0.0,0.0,0.0,LOW,LOW,0.0
session_003,loc_01,cam_01,2026-08-15,1,89.256,165,CAMERA_LIVE,0,3,2,0,1,66.66666666666666,0.0,33.33333333333333,42.17774608860108,37.51486253335793,0.0,26.666666666666664,15.999999999999998,21.33,LOW,LOW,0.0
session_003,loc_01,cam_01,2026-08-15,1,89.423,166,CAMERA_LIVE,0,3,3,0,0,100.0,0.0,0.0,85.89212745008115,107.95063698993876,0.0,0.0,0.0,0.0,LOW,LOW,0.0
session_003,loc_01,cam_01,2026-08-15,1,89.59,167,CAMERA_LIVE,0,2,2,0,0,100.0,0.0,0.0,111.1060993530656,111.1060993530656,0.0,0.0,0.0,0.0,LOW,LOW,0.0
session_003,loc_01,cam_01,2026-08-15,1,89.756,168,CAMERA_LIVE,0,4,2,0,2,50.0,0.0,50.0,57.84614068398048,40.662650602410416,0.0,40.0,24.0,32.0,LOW,MODERATE,0.0
session_003,loc_01,cam_01,2026-08-15,1,89.923,169,CAMERA_LIVE,0,4,4,0,0,100.0,0.0,0.0,111.6721553914074,96.79436133514676,0.0,0.0,0.0,0.0,LOW,LOW,0.0
session_003,loc_01,cam_01,2026-08-15,1,90.09,170,CAMERA_LIVE,0,4,4,0,0,100.0,0.0,0.0,120.30909656891528,92.8385102373369,0.0,0.0,0.0,0.0,LOW,LOW,0.0
session_003,loc_01,cam_01,2026-08-15,1,90.257,171,CAMERA_LIVE,0,3,3,0,0,100.0,0.0,0.0,94.00544887718002,106.19250210160496,0.0,0.0,0.0,0.0,LOW,LOW,0.0
session_003,loc_01,cam_01,2026-08-15,1,90.424,172,CAMERA_LIVE,0,3,3,0,0,100.0,0.0,0.0,109.25278167395442,121.24824390009816,0.0,0.0,0.0,0.0,LOW,LOW,0.0
session_003,loc_01,cam_01,2026-08-15,1,90.591,173,CAMERA_LIVE,0,1,1,0,0,100.0,0.0,0.0,155.25619356245693,155.25619356245693,0.0,0.0,0.0,0.0,LOW,LOW,0.0
session_003,loc_01,cam_01,2026-08-15,1,90.757,174,CAMERA_LIVE,8,1,1,0,0,100.0,0.0,0.0,192.86518787447056,192.86518787447056,44.44,0.0,15.23809523809524,7.62,LOW,LOW,38.095238095238095
session_003,loc_01,cam_01,2026-08-15,1,90.924,175,CAMERA_LIVE,0,1,1,0,0,100.0,0.0,0.0,50.53426981507538,50.53426981507538,0.0,0.0,0.0,0.0,LOW,LOW,0.0
session_003,loc_01,cam_01,2026-08-15,1,91.091,176,CAMERA_LIVE,1,1,1,0,0,100.0,0.0,0.0,248.1420074849705,248.1420074849705,5.56,0.0,1.9047619047619049,0.95,LOW,LOW,4.761904761904762
session_003,loc_01,cam_01,2026-08-15,1,92.426,177,CAMERA_LIVE,1,1,0,0,1,0.0,0.0,100.0,0.0,0.0,5.56,80.0,49.90476190476191,64.95,MODERATE,HIGH,4.761904761904762
session_003,loc_01,cam_01,2026-08-15,1,92.593,178,CAMERA_LIVE,1,1,1,0,0,100.0,0.0,0.0,195.18570075456844,195.18570075456844,5.56,0.0,1.9047619047619049,0.95,LOW,LOW,4.761904761904762
session_003,loc_01,cam_01,2026-08-15,1,95.429,179,CAMERA_LIVE,1,1,0,0,1,0.0,0.0,100.0,0.0,0.0,5.56,80.0,49.90476190476191,64.95,MODERATE,HIGH,4.761904761904762
session_003,loc_01,cam_01,2026-08-15,1,96.43,180,CAMERA_LIVE,0,2,0,1,1,0.0,50.0,50.0,2.9232517259539383,2.9232517259539383,0.0,55.0,33.0,44.0,MODERATE,MODERATE,0.0
session_003,loc_01,cam_01,2026-08-15,1,96.597,181,CAMERA_LIVE,1,1,1,0,0,100.0,0.0,0.0,38.342061301996,38.342061301996,5.56,0.0,1.9047619047619049,0.95,LOW,LOW,4.761904761904762
session_003,loc_01,cam_01,2026-08-15,1,97.097,182,CAMERA_LIVE,2,1,0,0,1,0.0,0.0,100.0,0.0,0.0,11.11,80.0,51.80952380952381,65.9,MODERATE,HIGH,9.523809523809524
session_003,loc_01,cam_01,2026-08-15,1,97.264,183,CAMERA_LIVE,2,1,1,0,0,100.0,0.0,0.0,81.44593119003183,81.44593119003183,11.11,0.0,3.8095238095238098,1.9,LOW,LOW,9.523809523809524
session_003,loc_01,cam_01,2026-08-15,1,97.431,184,CAMERA_LIVE,2,1,1,0,0,100.0,0.0,0.0,97.75345938511587,97.75345938511587,11.11,0.0,3.8095238095238098,1.9,LOW,LOW,9.523809523809524
session_003,loc_01,cam_01,2026-08-15,1,97.597,185,CAMERA_LIVE,2,1,1,0,0,100.0,0.0,0.0,105.42168674698998,105.42168674698998,11.11,0.0,3.8095238095238098,1.9,LOW,LOW,9.523809523809524
session_003,loc_01,cam_01,2026-08-15,1,97.764,186,CAMERA_LIVE,2,1,1,0,0,100.0,0.0,0.0,129.57535933162993,129.57535933162993,11.11,0.0,3.8095238095238098,1.9,LOW,LOW,9.523809523809524
session_003,loc_01,cam_01,2026-08-15,1,97.931,187,CAMERA_LIVE,1,2,2,0,0,100.0,0.0,0.0,79.98801700448499,79.98801700448499,5.56,0.0,1.9047619047619049,0.95,LOW,LOW,4.761904761904762
session_003,loc_01,cam_01,2026-08-15,1,98.098,188,CAMERA_LIVE,1,2,2,0,0,100.0,0.0,0.0,116.01690498240484,116.01690498240484,5.56,0.0,1.9047619047619049,0.95,LOW,LOW,4.761904761904762
session_003,loc_01,cam_01,2026-08-15,1,98.265,189,CAMERA_LIVE,1,2,1,0,1,50.0,0.0,50.0,113.86105910063614,113.86105910063614,5.56,40.0,25.904761904761905,32.95,LOW,MODERATE,4.761904761904762
session_003,loc_01,cam_01,2026-08-15,1,98.432,190,CAMERA_LIVE,1,2,1,0,1,50.0,0.0,50.0,53.91300330948783,53.91300330948783,5.56,40.0,25.904761904761905,32.95,LOW,MODERATE,4.761904761904762
session_003,loc_01,cam_01,2026-08-15,1,98.599,191,CAMERA_LIVE,14,1,1,0,0,100.0,0.0,0.0,95.9953265980913,95.9953265980913,77.78,0.0,26.666666666666664,13.33,LOW,LOW,66.66666666666666
session_003,loc_01,cam_01,2026-08-15,1,98.765,192,CAMERA_LIVE,16,1,1,0,0,100.0,0.0,0.0,111.44578313253226,111.44578313253226,88.89,0.0,30.47619047619048,15.24,MODERATE,LOW,76.19047619047619
session_003,loc_01,cam_01,2026-08-15,1,98.932,193,CAMERA_LIVE,1,1,1,0,0,100.0,0.0,0.0,107.82600661897564,107.82600661897564,5.56,0.0,1.9047619047619049,0.95,LOW,LOW,4.761904761904762
session_003,loc_01,cam_01,2026-08-15,1,99.099,194,CAMERA_LIVE,1,1,1,0,0,100.0,0.0,0.0,87.28969902462941,87.28969902462941,5.56,0.0,1.9047619047619049,0.95,LOW,LOW,4.761904761904762
session_003,loc_01,cam_01,2026-08-15,1,99.766,195,CAMERA_LIVE,1,2,0,0,2,0.0,0.0,100.0,0.0,0.0,5.56,80.0,49.90476190476191,64.95,MODERATE,HIGH,4.761904761904762
session_003,loc_01,cam_01,2026-08-15,1,99.933,196,CAMERA_LIVE,1,1,1,0,0,100.0,0.0,0.0,128.77732435692434,128.77732435692434,5.56,0.0,1.9047619047619049,0.95,LOW,LOW,4.761904761904762
session_003,loc_01,cam_01,2026-08-15,1,100.1,197,CAMERA_LIVE,1,1,1,0,0,100.0,0.0,0.0,146.73713478854816,146.73713478854816,5.56,0.0,1.9047619047619049,0.95,LOW,LOW,4.761904761904762
session_003,loc_01,cam_01,2026-08-15,1,100.267,198,CAMERA_LIVE,1,1,1,0,0,100.0,0.0,0.0,140.71856287425015,140.71856287425015,5.56,0.0,1.9047619047619049,0.95,LOW,LOW,4.761904761904762
session_003,loc_01,cam_01,2026-08-15,1,100.434,199,CAMERA_LIVE,1,1,1,0,0,100.0,0.0,0.0,125.7841409437114,125.7841409437114,5.56,0.0,1.9047619047619049,0.95,LOW,LOW,4.761904761904762
session_003,loc_01,cam_01,2026-08-15,1,100.6,200,CAMERA_LIVE,1,1,1,0,0,100.0,0.0,0.0,132.56434388352898,132.56434388352898,5.56,0.0,1.9047619047619049,0.95,LOW,LOW,4.761904761904762
session_003,loc_01,cam_01,2026-08-15,1,100.767,201,CAMERA_LIVE,1,1,1,0,0,100.0,0.0,0.0,113.77245508981927,113.77245508981927,5.56,0.0,1.9047619047619049,0.95,LOW,LOW,4.761904761904762
session_003,loc_01,cam_01,2026-08-15,1,100.934,202,CAMERA_LIVE,1,1,1,0,0,100.0,0.0,0.0,104.8331820359966,104.8331820359966,5.56,0.0,1.9047619047619049,0.95,LOW,LOW,4.761904761904762
session_003,loc_01,cam_01,2026-08-15,1,101.101,203,CAMERA_LIVE,9,1,1,0,0,100.0,0.0,0.0,72.4154887571719,72.4154887571719,50.0,0.0,17.142857142857142,8.57,LOW,LOW,42.85714285714285
session_003,loc_01,cam_01,2026-08-15,1,101.268,204,CAMERA_LIVE,0,2,1,1,0,50.0,50.0,0.0,51.47281925361758,51.47281925361758,0.0,15.0,9.0,12.0,LOW,LOW,0.0
session_003,loc_01,cam_01,2026-08-15,1,101.435,205,CAMERA_LIVE,0,2,2,0,0,100.0,0.0,0.0,65.13784333390848,65.13784333390848,0.0,0.0,0.0,0.0,LOW,LOW,0.0
session_003,loc_01,cam_01,2026-08-15,1,101.602,206,CAMERA_LIVE,0,2,2,0,0,100.0,0.0,0.0,66.05480808008636,66.05480808008636,0.0,0.0,0.0,0.0,LOW,LOW,0.0
session_003,loc_01,cam_01,2026-08-15,1,101.768,207,CAMERA_LIVE,0,1,1,0,0,100.0,0.0,0.0,60.31621805572642,60.31621805572642,0.0,0.0,0.0,0.0,LOW,LOW,0.0
session_003,loc_01,cam_01,2026-08-15,1,101.935,208,CAMERA_LIVE,0,1,1,0,0,100.0,0.0,0.0,56.964962845629536,56.964962845629536,0.0,0.0,0.0,0.0,LOW,LOW,0.0
session_003,loc_01,cam_01,2026-08-15,1,103.77,209,CAMERA_LIVE,1,1,0,0,1,0.0,0.0,100.0,0.0,0.0,5.56,80.0,49.90476190476191,64.95,MODERATE,HIGH,4.761904761904762
session_003,loc_01,cam_01,2026-08-15,1,103.937,210,CAMERA_LIVE,2,1,1,0,0,100.0,0.0,0.0,85.63083620404164,85.63083620404164,11.11,0.0,3.8095238095238098,1.9,LOW,LOW,9.523809523809524
session_003,loc_01,cam_01,2026-08-15,1,104.104,211,CAMERA_LIVE,2,2,1,0,1,50.0,0.0,50.0,49.42387430903898,49.42387430903898,11.11,40.0,27.80952380952381,33.9,LOW,MODERATE,9.523809523809524
session_003,loc_01,cam_01,2026-08-15,1,104.271,212,CAMERA_LIVE,2,2,2,0,0,100.0,0.0,0.0,89.33286755946139,89.33286755946139,11.11,0.0,3.8095238095238098,1.9,LOW,LOW,9.523809523809524
session_003,loc_01,cam_01,2026-08-15,1,104.438,213,CAMERA_LIVE,2,2,2,0,0,100.0,0.0,0.0,111.826215692347,111.826215692347,11.11,0.0,3.8095238095238098,1.9,LOW,LOW,9.523809523809524
session_003,loc_01,cam_01,2026-08-15,1,104.605,214,CAMERA_LIVE,2,2,2,0,0,100.0,0.0,0.0,132.03644283058983,132.03644283058983,11.11,0.0,3.8095238095238098,1.9,LOW,LOW,9.523809523809524
session_003,loc_01,cam_01,2026-08-15,1,104.771,215,CAMERA_LIVE,2,2,2,0,0,100.0,0.0,0.0,138.9775043277356,138.9775043277356,11.11,0.0,3.8095238095238098,1.9,LOW,LOW,9.523809523809524
session_003,loc_01,cam_01,2026-08-15,1,104.938,216,CAMERA_LIVE,2,2,2,0,0,100.0,0.0,0.0,175.65036647272558,175.65036647272558,11.11,0.0,3.8095238095238098,1.9,LOW,LOW,9.523809523809524
session_003,loc_01,cam_01,2026-08-15,1,105.272,217,CAMERA_LIVE,1,1,1,0,0,100.0,0.0,0.0,107.1379481142678,107.1379481142678,5.56,0.0,1.9047619047619049,0.95,LOW,LOW,4.761904761904762
session_003,loc_01,cam_01,2026-08-15,1,105.772,218,CAMERA_LIVE,12,1,0,0,1,0.0,0.0,100.0,0.0,0.0,66.67,80.0,70.85714285714286,75.43,HIGH,SEVERE,57.14285714285714
session_003,loc_01,cam_01,2026-08-15,1,107.107,219,CAMERA_LIVE,10,1,0,0,1,0.0,0.0,100.0,0.0,0.0,55.56,80.0,67.04761904761905,73.52,HIGH,HIGH,47.61904761904761
session_003,loc_01,cam_01,2026-08-15,1,107.274,220,CAMERA_LIVE,11,1,1,0,0,100.0,0.0,0.0,80.8937490185998,80.8937490185998,61.11,0.0,20.95238095238096,10.48,LOW,LOW,52.38095238095239
session_003,loc_01,cam_01,2026-08-15,1,107.441,221,CAMERA_LIVE,3,2,1,0,1,50.0,0.0,50.0,41.62107417502309,41.62107417502309,16.67,40.0,29.714285714285715,34.86,LOW,MODERATE,14.285714285714285
session_003,loc_01,cam_01,2026-08-15,1,107.608,222,CAMERA_LIVE,4,1,1,0,0,100.0,0.0,0.0,72.10535675923461,72.10535675923461,22.22,0.0,7.6190476190476195,3.81,LOW,LOW,19.047619047619047
session_003,loc_01,cam_01,2026-08-15,1,107.774,223,CAMERA_LIVE,1,1,1,0,0,100.0,0.0,0.0,70.5745452642181,70.5745452642181,5.56,0.0,1.9047619047619049,0.95,LOW,LOW,4.761904761904762
session_003,loc_01,cam_01,2026-08-15,1,107.941,224,CAMERA_LIVE,2,1,1,0,0,100.0,0.0,0.0,50.81006810921251,50.81006810921251,11.11,0.0,3.8095238095238098,1.9,LOW,LOW,9.523809523809524
session_003,loc_01,cam_01,2026-08-15,1,108.108,225,CAMERA_LIVE,3,1,1,0,0,100.0,0.0,0.0,44.91017964071813,44.91017964071813,16.67,0.0,5.714285714285714,2.86,LOW,LOW,14.285714285714285
session_003,loc_01,cam_01,2026-08-15,1,108.275,226,CAMERA_LIVE,6,1,1,0,0,100.0,0.0,0.0,38.34206130199274,38.34206130199274,33.33,0.0,11.428571428571429,5.71,LOW,LOW,28.57142857142857
session_003,loc_01,cam_01,2026-08-15,1,108.442,227,CAMERA_LIVE,5,1,1,0,0,100.0,0.0,0.0,48.73898382066149,48.73898382066149,27.78,0.0,9.523809523809524,4.76,LOW,LOW,23.809523809523807
session_003,loc_01,cam_01,2026-08-15,1,108.609,228,CAMERA_LIVE,0,2,1,0,1,50.0,0.0,50.0,24.552723752779297,24.552723752779297,0.0,40.0,24.0,32.0,LOW,MODERATE,0.0
session_003,loc_01,cam_01,2026-08-15,1,108.775,229,CAMERA_LIVE,5,2,2,0,0,100.0,0.0,0.0,73.27522262427006,73.27522262427006,27.78,0.0,9.523809523809524,4.76,LOW,LOW,23.809523809523807
session_003,loc_01,cam_01,2026-08-15,1,108.942,230,CAMERA_LIVE,5,1,1,0,0,100.0,0.0,0.0,137.62688544385716,137.62688544385716,27.78,0.0,9.523809523809524,4.76,LOW,LOW,23.809523809523807
session_003,loc_01,cam_01,2026-08-15,1,109.109,231,CAMERA_LIVE,0,1,1,0,0,100.0,0.0,0.0,176.03670174956838,176.03670174956838,0.0,0.0,0.0,0.0,LOW,LOW,0.0
session_003,loc_01,cam_01,2026-08-15,1,109.276,232,CAMERA_LIVE,0,1,1,0,0,100.0,0.0,0.0,212.38500420321,212.38500420321,0.0,0.0,0.0,0.0,LOW,LOW,0.0
session_003,loc_01,cam_01,2026-08-15,1,110.277,233,CAMERA_LIVE,0,1,1,0,0,100.0,0.0,0.0,95.42943643627729,95.42943643627729,0.0,0.0,0.0,0.0,LOW,LOW,0.0
session_003,loc_01,cam_01,2026-08-15,1,110.777,234,CAMERA_LIVE,0,1,0,0,1,0.0,0.0,100.0,0.0,0.0,0.0,80.0,48.0,64.0,MODERATE,HIGH,0.0
session_003,loc_01,cam_01,2026-08-15,1,110.944,235,CAMERA_LIVE,7,1,1,0,0,100.0,0.0,0.0,70.08802341748212,70.08802341748212,38.89,0.0,13.333333333333332,6.67,LOW,LOW,33.33333333333333
session_003,loc_01,cam_01,2026-08-15,1,112.112,236,CAMERA_LIVE,7,1,0,0,1,0.0,0.0,100.0,0.0,0.0,38.89,80.0,61.33333333333333,70.67,HIGH,HIGH,33.33333333333333
session_003,loc_01,cam_01,2026-08-15,1,113.113,237,CAMERA_LIVE,5,1,0,0,1,0.0,0.0,100.0,0.0,0.0,27.78,80.0,57.523809523809526,68.76,HIGH,HIGH,23.809523809523807
session_003,loc_01,cam_01,2026-08-15,1,113.28,238,CAMERA_LIVE,6,1,1,0,0,100.0,0.0,0.0,15.26652548979861,15.26652548979861,33.33,0.0,11.428571428571429,5.71,LOW,LOW,28.57142857142857
session_003,loc_01,cam_01,2026-08-15,1,113.447,239,CAMERA_LIVE,0,1,1,0,0,100.0,0.0,0.0,17.964071856287255,17.964071856287255,0.0,0.0,0.0,0.0,LOW,LOW,0.0
session_003,loc_01,cam_01,2026-08-15,1,113.78,240,CAMERA_LIVE,0,1,0,0,1,0.0,0.0,100.0,0.0,0.0,0.0,80.0,48.0,64.0,MODERATE,HIGH,0.0
session_003,loc_01,cam_01,2026-08-15,1,117.618,241,CAMERA_LIVE,0,1,0,0,1,0.0,0.0,100.0,1.4091524005200606,1.4091524005200606,0.0,80.0,48.0,64.0,MODERATE,HIGH,0.0
session_003,loc_01,cam_01,2026-08-15,1,118.618,242,CAMERA_LIVE,0,1,0,0,1,0.0,0.0,100.0,1.5811388300841898,1.5811388300841898,0.0,80.0,48.0,64.0,MODERATE,HIGH,0.0
session_003,loc_01,cam_01,2026-08-15,1,121.955,243,CAMERA_LIVE,0,2,0,0,2,0.0,0.0,100.0,0.8768879165957157,0.8768879165957157,0.0,80.0,48.0,64.0,MODERATE,HIGH,0.0
session_003,loc_01,cam_01,2026-08-15,1,122.122,244,CAMERA_LIVE,0,1,1,0,0,100.0,0.0,0.0,50.1887862701798,50.1887862701798,0.0,0.0,0.0,0.0,LOW,LOW,0.0
session_003,loc_01,cam_01,2026-08-15,1,124.458,245,CAMERA_LIVE,1,1,0,0,1,0.0,0.0,100.0,0.0,0.0,5.56,80.0,49.90476190476191,64.95,MODERATE,HIGH,4.761904761904762
session_003,loc_01,cam_01,2026-08-15,1,124.624,246,CAMERA_LIVE,1,1,1,0,0,100.0,0.0,0.0,91.80572683209918,91.80572683209918,5.56,0.0,1.9047619047619049,0.95,LOW,LOW,4.761904761904762
session_003,loc_01,cam_01,2026-08-15,1,124.791,247,CAMERA_LIVE,1,1,1,0,0,100.0,0.0,0.0,100.06452076088767,100.06452076088767,5.56,0.0,1.9047619047619049,0.95,LOW,LOW,4.761904761904762
session_003,loc_01,cam_01,2026-08-15,1,124.958,248,CAMERA_LIVE,1,1,1,0,0,100.0,0.0,0.0,79.1008671474418,79.1008671474418,5.56,0.0,1.9047619047619049,0.95,LOW,LOW,4.761904761904762
session_003,loc_01,cam_01,2026-08-15,1,125.125,249,CAMERA_LIVE,1,1,1,0,0,100.0,0.0,0.0,63.65356774092544,63.65356774092544,5.56,0.0,1.9047619047619049,0.95,LOW,LOW,4.761904761904762
session_003,loc_01,cam_01,2026-08-15,1,125.292,250,CAMERA_LIVE,1,1,1,0,0,100.0,0.0,0.0,59.27841279408126,59.27841279408126,5.56,0.0,1.9047619047619049,0.95,LOW,LOW,4.761904761904762
session_003,loc_01,cam_01,2026-08-15,1,125.459,251,CAMERA_LIVE,1,1,1,0,0,100.0,0.0,0.0,49.105447505558594,49.105447505558594,5.56,0.0,1.9047619047619049,0.95,LOW,LOW,4.761904761904762
session_003,loc_01,cam_01,2026-08-15,1,125.792,252,CAMERA_LIVE,1,1,0,0,1,0.0,0.0,100.0,0.9486721252645964,0.9486721252645964,5.56,80.0,49.90476190476191,64.95,MODERATE,HIGH,4.761904761904762
session_003,loc_01,cam_01,2026-08-15,1,128.462,253,CAMERA_LIVE,1,1,0,0,1,0.0,0.0,100.0,0.0,0.0,5.56,80.0,49.90476190476191,64.95,MODERATE,HIGH,4.761904761904762
session_003,loc_01,cam_01,2026-08-15,1,128.629,254,CAMERA_LIVE,1,1,1,0,0,100.0,0.0,0.0,237.453653399978,237.453653399978,5.56,0.0,1.9047619047619049,0.95,LOW,LOW,4.761904761904762
session_003,loc_01,cam_01,2026-08-15,1,129.129,255,CAMERA_LIVE,1,1,0,0,1,0.0,0.0,100.0,0.0,0.0,5.56,80.0,49.90476190476191,64.95,MODERATE,HIGH,4.761904761904762
session_003,loc_01,cam_01,2026-08-15,1,129.296,256,CAMERA_LIVE,1,1,1,0,0,100.0,0.0,0.0,380.2866678300479,380.2866678300479,5.56,0.0,1.9047619047619049,0.95,LOW,LOW,4.761904761904762
session_003,loc_01,cam_01,2026-08-15,1,129.463,257,CAMERA_LIVE,1,1,1,0,0,100.0,0.0,0.0,371.16089143261286,371.16089143261286,5.56,0.0,1.9047619047619049,0.95,LOW,LOW,4.761904761904762
session_003,loc_01,cam_01,2026-08-15,1,129.63,258,CAMERA_LIVE,1,1,1,0,0,100.0,0.0,0.0,299.19154336177854,299.19154336177854,5.56,0.0,1.9047619047619049,0.95,LOW,LOW,4.761904761904762
session_003,loc_01,cam_01,2026-08-15,1,129.796,259,CAMERA_LIVE,1,1,1,0,0,100.0,0.0,0.0,261.0943726839729,261.0943726839729,5.56,0.0,1.9047619047619049,0.95,LOW,LOW,4.761904761904762
session_003,loc_01,cam_01,2026-08-15,1,129.963,260,CAMERA_LIVE,1,1,1,0,0,100.0,0.0,0.0,214.10849315905327,214.10849315905327,5.56,0.0,1.9047619047619049,0.95,LOW,LOW,4.761904761904762
session_003,loc_01,cam_01,2026-08-15,1,130.13,261,CAMERA_LIVE,1,1,1,0,0,100.0,0.0,0.0,191.2890161073429,191.2890161073429,5.56,0.0,1.9047619047619049,0.95,LOW,LOW,4.761904761904762
session_003,loc_01,cam_01,2026-08-15,1,130.297,262,CAMERA_LIVE,1,2,1,0,1,50.0,0.0,50.0,77.16481418478892,77.16481418478892,5.56,40.0,25.904761904761905,32.95,LOW,MODERATE,4.761904761904762
session_003,loc_01,cam_01,2026-08-15,1,130.464,263,CAMERA_LIVE,2,2,1,0,1,50.0,0.0,50.0,75.34736837030736,75.34736837030736,11.11,40.0,27.80952380952381,33.9,LOW,MODERATE,9.523809523809524
session_003,loc_01,cam_01,2026-08-15,1,130.631,264,CAMERA_LIVE,2,1,1,0,0,100.0,0.0,0.0,117.41719491693048,117.41719491693048,11.11,0.0,3.8095238095238098,1.9,LOW,LOW,9.523809523809524
session_003,loc_01,cam_01,2026-08-15,1,130.797,265,CAMERA_LIVE,1,1,1,0,0,100.0,0.0,0.0,132.56434388352898,132.56434388352898,5.56,0.0,1.9047619047619049,0.95,LOW,LOW,4.761904761904762
session_003,loc_01,cam_01,2026-08-15,1,131.131,266,CAMERA_LIVE,10,1,0,1,0,0.0,100.0,0.0,2.9976019184652163,2.9976019184652163,55.56,30.0,37.04761904761905,33.52,MODERATE,MODERATE,47.61904761904761
session_003,loc_01,cam_01,2026-08-15,1,131.298,267,CAMERA_LIVE,12,1,1,0,0,100.0,0.0,0.0,37.03388286482893,37.03388286482893,66.67,0.0,22.857142857142858,11.43,LOW,LOW,57.14285714285714
session_003,loc_01,cam_01,2026-08-15,1,132.799,268,CAMERA_LIVE,11,1,0,0,1,0.0,0.0,100.0,0.0,0.0,61.11,80.0,68.95238095238096,74.48,HIGH,HIGH,52.38095238095239
session_003,loc_01,cam_01,2026-08-15,1,132.966,269,CAMERA_LIVE,10,1,1,0,0,100.0,0.0,0.0,36.54657369980116,36.54657369980116,55.56,0.0,19.047619047619047,9.52,LOW,LOW,47.61904761904761
session_003,loc_01,cam_01,2026-08-15,1,133.467,270,CAMERA_LIVE,11,2,0,0,2,0.0,0.0,100.0,0.0,0.0,61.11,80.0,68.95238095238096,74.48,HIGH,HIGH,52.38095238095239
session_003,loc_01,cam_01,2026-08-15,1,133.633,271,CAMERA_LIVE,11,1,1,0,0,100.0,0.0,0.0,66.05937409476425,66.05937409476425,61.11,0.0,20.95238095238096,10.48,LOW,LOW,52.38095238095239
session_003,loc_01,cam_01,2026-08-15,1,133.8,272,CAMERA_LIVE,10,1,1,0,0,100.0,0.0,0.0,94.67897186132782,94.67897186132782,55.56,0.0,19.047619047619047,9.52,LOW,LOW,47.61904761904761
session_003,loc_01,cam_01,2026-08-15,1,133.967,273,CAMERA_LIVE,10,1,1,0,0,100.0,0.0,0.0,104.79041916167564,104.79041916167564,55.56,0.0,19.047619047619047,9.52,LOW,LOW,47.61904761904761
session_003,loc_01,cam_01,2026-08-15,1,134.134,274,CAMERA_LIVE,11,1,1,0,0,100.0,0.0,0.0,114.6358665813157,114.6358665813157,61.11,0.0,20.95238095238096,10.48,LOW,LOW,52.38095238095239
session_003,loc_01,cam_01,2026-08-15,1,134.301,275,CAMERA_LIVE,16,2,1,1,0,50.0,50.0,0.0,76.09550693456178,76.09550693456178,88.89,15.0,39.47619047619048,27.24,MODERATE,LOW,76.19047619047619
session_003,loc_01,cam_01,2026-08-15,1,134.468,276,CAMERA_LIVE,13,1,1,0,0,100.0,0.0,0.0,177.2546121630604,177.2546121630604,72.22,0.0,24.761904761904763,12.38,LOW,LOW,61.90476190476191
session_003,loc_01,cam_01,2026-08-15,1,134.635,277,CAMERA_LIVE,13,2,2,0,0,100.0,0.0,0.0,121.29608000051547,121.29608000051547,72.22,0.0,24.761904761904763,12.38,LOW,LOW,61.90476190476191
session_003,loc_01,cam_01,2026-08-15,1,134.801,278,CAMERA_LIVE,12,1,1,0,0,100.0,0.0,0.0,48.286805849041286,48.286805849041286,66.67,0.0,22.857142857142858,11.43,LOW,LOW,57.14285714285714
session_003,loc_01,cam_01,2026-08-15,1,136.637,279,CAMERA_LIVE,16,1,0,1,0,0.0,100.0,0.0,2.7772437437869004,2.7772437437869004,88.89,30.0,48.47619047619048,39.24,MODERATE,MODERATE,76.19047619047619
session_003,loc_01,cam_01,2026-08-15,1,136.803,280,CAMERA_LIVE,17,1,1,0,0,100.0,0.0,0.0,90.41163264942122,90.41163264942122,94.44,0.0,32.38095238095238,16.19,MODERATE,LOW,80.95238095238095
session_003,loc_01,cam_01,2026-08-15,1,137.137,281,CAMERA_LIVE,14,1,0,0,1,0.0,0.0,100.0,0.0,0.0,77.78,80.0,74.66666666666666,77.33,HIGH,SEVERE,66.66666666666666
session_003,loc_01,cam_01,2026-08-15,1,137.304,282,CAMERA_LIVE,14,1,1,0,0,100.0,0.0,0.0,50.898203592813886,50.898203592813886,77.78,0.0,26.666666666666664,13.33,LOW,LOW,66.66666666666666
session_003,loc_01,cam_01,2026-08-15,1,138.472,283,CAMERA_LIVE,18,1,0,0,1,0.0,0.0,100.0,0.0,0.0,100.0,80.0,82.28571428571428,81.14,SEVERE,SEVERE,85.71428571428571
session_003,loc_01,cam_01,2026-08-15,1,138.638,284,CAMERA_LIVE,1,1,1,0,0,100.0,0.0,0.0,109.92944331864464,109.92944331864464,5.56,0.0,1.9047619047619049,0.95,LOW,LOW,4.761904761904762
session_003,loc_01,cam_01,2026-08-15,1,138.805,285,CAMERA_LIVE,1,1,1,0,0,100.0,0.0,0.0,159.1339193523136,159.1339193523136,5.56,0.0,1.9047619047619049,0.95,LOW,LOW,4.761904761904762
session_003,loc_01,cam_01,2026-08-15,1,138.972,286,CAMERA_LIVE,0,1,1,0,0,100.0,0.0,0.0,174.21959911348523,174.21959911348523,0.0,0.0,0.0,0.0,LOW,LOW,0.0
session_003,loc_01,cam_01,2026-08-15,1,139.139,287,CAMERA_LIVE,0,1,1,0,0,100.0,0.0,0.0,192.38711169361903,192.38711169361903,0.0,0.0,0.0,0.0,LOW,LOW,0.0
session_003,loc_01,cam_01,2026-08-15,1,139.306,288,CAMERA_LIVE,1,1,1,0,0,100.0,0.0,0.0,216.833449802392,216.833449802392,5.56,0.0,1.9047619047619049,0.95,LOW,LOW,4.761904761904762
session_003,loc_01,cam_01,2026-08-15,1,139.473,289,CAMERA_LIVE,1,1,1,0,0,100.0,0.0,0.0,258.6140128542724,258.6140128542724,5.56,0.0,1.9047619047619049,0.95,LOW,LOW,4.761904761904762
session_003,loc_01,cam_01,2026-08-15,1,139.639,290,CAMERA_LIVE,12,1,1,0,0,100.0,0.0,0.0,290.5494816832991,290.5494816832991,66.67,0.0,22.857142857142858,11.43,LOW,LOW,57.14285714285714
session_003,loc_01,cam_01,2026-08-15,1,139.806,291,CAMERA_LIVE,11,1,1,0,0,100.0,0.0,0.0,372.08956398014055,372.08956398014055,61.11,0.0,20.95238095238096,10.48,LOW,LOW,52.38095238095239
session_003,loc_01,cam_01,2026-08-15,1,139.973,292,CAMERA_LIVE,12,1,1,0,0,100.0,0.0,0.0,445.947003136753,445.947003136753,66.67,0.0,22.857142857142858,11.43,LOW,LOW,57.14285714285714
session_003,loc_01,cam_01,2026-08-15,1,140.14,293,CAMERA_LIVE,11,1,1,0,0,100.0,0.0,0.0,385.7049800045629,385.7049800045629,61.11,0.0,20.95238095238096,10.48,LOW,LOW,52.38095238095239
session_003,loc_01,cam_01,2026-08-15,1,140.307,294,CAMERA_LIVE,11,1,1,0,0,100.0,0.0,0.0,242.3855646468132,242.3855646468132,61.11,0.0,20.95238095238096,10.48,LOW,LOW,52.38095238095239
session_003,loc_01,cam_01,2026-08-15,1,140.474,295,CAMERA_LIVE,10,1,1,0,0,100.0,0.0,0.0,156.29201360644387,156.29201360644387,55.56,0.0,19.047619047619047,9.52,LOW,LOW,47.61904761904761
session_003,loc_01,cam_01,2026-08-15,1,140.641,296,CAMERA_LIVE,12,1,1,0,0,100.0,0.0,0.0,205.3682711334413,205.3682711334413,66.67,0.0,22.857142857142858,11.43,LOW,LOW,57.14285714285714
session_003,loc_01,cam_01,2026-08-15,1,141.975,297,CAMERA_LIVE,12,1,0,0,1,0.0,0.0,100.0,0.0,0.0,66.67,80.0,70.85714285714286,75.43,HIGH,SEVERE,57.14285714285714
session_003,loc_01,cam_01,2026-08-15,1,142.142,298,CAMERA_LIVE,12,1,0,0,1,0.0,0.0,100.0,0.0,0.0,66.67,80.0,70.85714285714286,75.43,HIGH,SEVERE,57.14285714285714
session_003,loc_01,cam_01,2026-08-15,1,143.31,299,CAMERA_LIVE,13,1,0,0,1,0.0,0.0,100.0,0.0,0.0,72.22,80.0,72.76190476190476,76.38,HIGH,SEVERE,61.90476190476191
session_003,loc_01,cam_01,2026-08-15,1,143.477,300,CAMERA_LIVE,11,1,1,0,0,100.0,0.0,0.0,32.38519109698164,32.38519109698164,61.11,0.0,20.95238095238096,10.48,LOW,LOW,52.38095238095239
session_003,loc_01,cam_01,2026-08-15,1,143.643,301,CAMERA_LIVE,10,1,1,0,0,100.0,0.0,0.0,56.83121163889629,56.83121163889629,55.56,0.0,19.047619047619047,9.52,LOW,LOW,47.61904761904761
session_003,loc_01,cam_01,2026-08-15,1,143.81,302,CAMERA_LIVE,9,2,1,1,0,50.0,50.0,0.0,37.215439321740526,37.215439321740526,50.0,15.0,26.142857142857142,20.57,LOW,LOW,42.85714285714285
session_003,loc_01,cam_01,2026-08-15,1,143.977,303,CAMERA_LIVE,12,1,1,0,0,100.0,0.0,0.0,73.94664092951108,73.94664092951108,66.67,0.0,22.857142857142858,11.43,LOW,LOW,57.14285714285714
session_003,loc_01,cam_01,2026-08-15,1,144.144,304,CAMERA_LIVE,13,1,1,0,0,100.0,0.0,0.0,76.50857688132045,76.50857688132045,72.22,0.0,24.761904761904763,12.38,LOW,LOW,61.90476190476191
session_003,loc_01,cam_01,2026-08-15,1,144.311,305,CAMERA_LIVE,8,1,1,0,0,100.0,0.0,0.0,88.86719808177058,88.86719808177058,44.44,0.0,15.23809523809524,7.62,LOW,LOW,38.095238095238095
session_003,loc_01,cam_01,2026-08-15,1,144.478,306,CAMERA_LIVE,10,1,1,0,0,100.0,0.0,0.0,107.95063698993876,107.95063698993876,55.56,0.0,19.047619047619047,9.52,LOW,LOW,47.61904761904761
session_003,loc_01,cam_01,2026-08-15,1,144.644,307,CAMERA_LIVE,1,2,2,0,0,100.0,0.0,0.0,70.88518148524973,70.88518148524973,5.56,0.0,1.9047619047619049,0.95,LOW,LOW,4.761904761904762
session_003,loc_01,cam_01,2026-08-15,1,144.811,308,CAMERA_LIVE,15,2,2,0,0,100.0,0.0,0.0,104.29596367413764,104.29596367413764,83.33,0.0,28.571428571428573,14.29,LOW,LOW,71.42857142857143
session_003,loc_01,cam_01,2026-08-15,1,144.978,309,CAMERA_LIVE,11,1,0,0,1,0.0,0.0,100.0,0.0,0.0,61.11,80.0,68.95238095238096,74.48,HIGH,HIGH,52.38095238095239
session_003,loc_01,cam_01,2026-08-15,1,145.812,310,CAMERA_LIVE,1,1,0,0,1,0.0,0.0,100.0,0.0,0.0,5.56,80.0,49.90476190476191,64.95,MODERATE,HIGH,4.761904761904762
session_003,loc_01,cam_01,2026-08-15,1,145.979,311,CAMERA_LIVE,1,1,0,1,0,0.0,100.0,0.0,7.802447228677939,7.802447228677939,5.56,30.0,19.904761904761905,24.95,LOW,LOW,4.761904761904762
session_003,loc_01,cam_01,2026-08-15,1,146.146,312,CAMERA_LIVE,1,2,1,0,1,50.0,0.0,50.0,26.18690970739328,26.18690970739328,5.56,40.0,25.904761904761905,32.95,LOW,MODERATE,4.761904761904762
session_003,loc_01,cam_01,2026-08-15,1,146.48,313,CAMERA_LIVE,1,2,0,1,1,0.0,50.0,50.0,3.3258842587140127,3.3258842587140127,5.56,55.0,34.904761904761905,44.95,MODERATE,MODERATE,4.761904761904762
session_003,loc_01,cam_01,2026-08-15,1,149.149,314,CAMERA_LIVE,0,1,0,0,1,0.0,0.0,100.0,0.0,0.0,0.0,80.0,48.0,64.0,MODERATE,HIGH,0.0
session_003,loc_01,cam_01,2026-08-15,1,149.316,315,CAMERA_LIVE,0,1,1,0,0,100.0,0.0,0.0,52.96947908070049,52.96947908070049,0.0,0.0,0.0,0.0,LOW,LOW,0.0
session_003,loc_01,cam_01,2026-08-15,1,149.483,316,CAMERA_LIVE,0,1,1,0,0,100.0,0.0,0.0,55.044240451646886,55.044240451646886,0.0,0.0,0.0,0.0,LOW,LOW,0.0
session_003,loc_01,cam_01,2026-08-15,1,149.649,317,CAMERA_LIVE,0,2,1,0,1,50.0,0.0,50.0,28.929778181173063,28.929778181173063,0.0,40.0,24.0,32.0,LOW,MODERATE,0.0
session_003,loc_01,cam_01,2026-08-15,1,149.816,318,CAMERA_LIVE,0,2,2,0,0,100.0,0.0,0.0,74.59806376138872,74.59806376138872,0.0,0.0,0.0,0.0,LOW,LOW,0.0
session_003,loc_01,cam_01,2026-08-15,1,149.983,319,CAMERA_LIVE,0,2,2,0,0,100.0,0.0,0.0,93.42699990371108,93.42699990371108,0.0,0.0,0.0,0.0,LOW,LOW,0.0
session_003,loc_01,cam_01,2026-08-15,1,150.15,320,CAMERA_LIVE,0,2,2,0,0,100.0,0.0,0.0,100.7010309959773,100.7010309959773,0.0,0.0,0.0,0.0,LOW,LOW,0.0
session_003,loc_01,cam_01,2026-08-15,1,150.317,321,CAMERA_LIVE,0,2,2,0,0,100.0,0.0,0.0,112.59438656264528,112.59438656264528,0.0,0.0,0.0,0.0,LOW,LOW,0.0
